User_ID,Timestamp,UTM_Source,Campaign,Converted,Revenue,Ad_Spend,Clicks,Impressions
U0001,2026-02-01 07:00:00,LinkedIn,LinkedIn_B2B,0,0,5467,94,14825
U0002,2026-01-28 07:00:00,Google,Google_Search,0,0,6323,409,18856
U0003,2026-02-16 15:30:00,TikTok,TikTok_Viral,0,0,6719,266,12149
U0003,2026-01-20 06:00:00,LinkedIn,LinkedIn_B2B,0,0,1792,233,12270
U0003,2026-02-03 01:00:00,Blog,Content_Marketing,0,0,4100,90,19089
U0003,2026-03-22 19:00:00,LinkedIn,LinkedIn_B2B,1,150,1569,73,8467
U0004,2026-01-13 12:00:00,Facebook,FB_Summer,0,0,4032,231,7865
U0004,2026-03-31 21:00:00,LinkedIn,LinkedIn_B2B,0,0,6973,175,6354
U0004,2026-02-18 08:00:00,TikTok,TikTok_Viral,0,0,6608,216,2832
U0005,2026-02-21 08:00:00,LinkedIn,LinkedIn_B2B,0,0,6881,211,7967
U0005,2026-02-20 20:00:00,TikTok,TikTok_Viral,0,0,5598,325,9609
U0006,2026-02-21 11:00:00,Blog,Content_Marketing,0,0,1744,436,2543
U0006,2026-01-20 20:00:00,Google,Google_Search,0,0,4152,245,16337
U0006,2026-02-16 15:30:00,Blog,Content_Marketing,0,0,6584,324,9743
U0006,2026-01-15 09:00:00,LinkedIn,LinkedIn_B2B,0,0,6895,184,17403
U0006,2026-03-06 03:00:00,Facebook,FB_Summer,1,600,5988,151,6008
U0007,2026-03-09 00:00:00,Blog,Content_Marketing,0,0,3973,499,11076
U0007,2026-01-08 07:00:00,Facebook,FB_Summer,0,0,4981,467,3267
U0007,2026-01-17 04:00:00,Blog,Content_Marketing,0,0,5322,496,14865
U0008,2026-02-21 21:00:00,LinkedIn,LinkedIn_B2B,0,0,1991,176,8362
U0008,2026-02-13 00:00:00,Google,Google_Search,1,150,1581,412,2929
U0009,2026-02-12 02:00:00,Google,Google_Search,0,0,5417,117,19711
U0009,2026-03-02 07:00:00,Blog,Content_Marketing,0,0,1794,387,15124
U0010,2026-03-01 23:00:00,TikTok,TikTok_Viral,0,0,1496,256,12118
U0010,2026-02-01 06:00:00,Google,Google_Search,0,0,3281,286,9185
U0010,2026-02-26 17:00:00,Google,Google_Search,1,600,1120,97,8745
U0011,2026-03-03 06:00:00,TikTok,TikTok_Viral,0,0,1017,249,9690
U0011,2026-02-06 13:00:00,TikTok,TikTok_Viral,1,600,6422,417,16947
U0012,2026-01-28 01:00:00,LinkedIn,LinkedIn_B2B,0,0,1468,75,16623
U0012,2026-03-09 05:00:00,Blog,Content_Marketing,1,150,1561,354,3226
U0013,2026-03-14 07:00:00,Google,Google_Search,0,0,6385,348,19521
U0013,2026-02-10 08:00:00,Blog,Content_Marketing,1,600,4242,117,10830
U0014,2026-01-02 14:00:00,Google,Google_Search,0,0,5404,159,17576
U0014,2026-01-17 11:00:00,LinkedIn,LinkedIn_B2B,0,0,2292,274,18800
U0014,2026-03-20 20:00:00,LinkedIn,LinkedIn_B2B,0,0,6434,103,5400
U0014,2026-01-15 03:00:00,LinkedIn,LinkedIn_B2B,1,400,2725,417,12235
U0015,2026-03-04 08:00:00,Blog,Content_Marketing,0,0,4469,474,10066
U0015,2026-01-01 10:00:00,Google,Google_Search,1,250,7072,276,19077
U0016,2026-01-10 22:00:00,Google,Google_Search,0,0,5771,332,5852
U0016,2026-01-17 01:00:00,TikTok,TikTok_Viral,0,0,1326,233,7883
U0016,2026-03-27 03:00:00,Facebook,FB_Summer,0,0,6084,433,6064
U0016,2026-01-21 05:00:00,Facebook,FB_Summer,0,0,3721,450,14491
U0017,2026-03-31 03:00:00,Facebook,FB_Summer,0,0,2634,468,16083
U0017,2026-02-09 07:00:00,LinkedIn,LinkedIn_B2B,1,250,3282,492,3274
U0018,2026-02-21 21:00:00,Blog,Content_Marketing,0,0,1944,499,9559
U0018,2026-03-16 08:00:00,Facebook,FB_Summer,0,0,7442,210,15299
U0018,2026-03-07 03:00:00,Blog,Content_Marketing,1,400,6806,273,1055
U0019,2026-02-25 02:00:00,LinkedIn,LinkedIn_B2B,0,0,6434,484,5083
U0019,2026-03-06 09:00:00,LinkedIn,LinkedIn_B2B,0,0,5541,115,7286
U0019,2026-03-27 12:00:00,TikTok,TikTok_Viral,0,0,3465,257,18954
U0019,2026-02-08 09:00:00,Google,Google_Search,0,0,3639,288,15476
U0019,2026-03-28 06:00:00,TikTok,TikTok_Viral,1,150,7028,136,3778
U0020,2026-01-31 21:00:00,Google,Google_Search,0,0,1378,175,16569
U0020,2026-01-10 14:00:00,Blog,Content_Marketing,0,0,6704,246,17199
U0020,2026-02-16 15:30:00,TikTok,TikTok_Viral,1,400,7308,104,14931
U0021,2026-03-01 01:00:00,Blog,Content_Marketing,0,0,2092,460,16225
U0021,2026-03-13 19:00:00,Blog,Content_Marketing,0,0,7676,418,17540
U0022,2026-03-02 14:00:00,Facebook,FB_Summer,0,0,7273,448,18081
U0022,2026-03-22 07:00:00,TikTok,TikTok_Viral,0,0,3225,221,11476
U0022,2026-01-11 04:00:00,Blog,Content_Marketing,0,0,2752,82,14594
U0022,2026-02-12 17:00:00,TikTok,TikTok_Viral,1,900,4190,444,1640
U0023,2026-01-01 11:00:00,TikTok,TikTok_Viral,0,0,7846,264,18636
U0023,2026-03-19 07:00:00,Blog,Content_Marketing,0,0,4185,222,14248
U0023,2026-03-01 04:00:00,Facebook,FB_Summer,0,0,5848,338,1888
U0023,2026-03-24 13:00:00,Google,Google_Search,0,0,4105,217,7935
U0023,2026-02-11 10:00:00,TikTok,TikTok_Viral,1,600,7815,265,9266
U0024,2026-03-11 01:00:00,Google,Google_Search,1,900,7399,383,2319
U0025,2026-01-03 19:00:00,Facebook,FB_Summer,1,150,5620,161,16238
U0026,2026-03-19 19:00:00,Facebook,FB_Summer,0,0,2341,209,4542
U0026,2026-01-04 09:00:00,Blog,Content_Marketing,0,0,6857,151,3490
U0026,2026-03-30 20:00:00,Blog,Content_Marketing,1,400,6605,357,4966
U0027,2026-03-10 13:00:00,LinkedIn,LinkedIn_B2B,0,0,1103,484,14764
U0027,2026-01-14 13:00:00,TikTok,TikTok_Viral,0,0,6794,128,15270
U0027,2026-03-08 20:00:00,Facebook,FB_Summer,0,0,4960,288,15272
U0027,2026-02-04 10:00:00,Blog,Content_Marketing,0,0,4692,174,16227
U0027,2026-03-20 21:00:00,Blog,Content_Marketing,0,0,2489,299,7950
U0028,2026-02-05 19:00:00,Unknown,LinkedIn_B2B,0,0,2565,93,8908
U0028,2026-03-04 17:00:00,TikTok,TikTok_Viral,0,0,5020,279,1565
U0028,2026-02-07 07:00:00,Google,Google_Search,1,250,4023,292,19136
U0029,2026-03-12 10:00:00,TikTok,TikTok_Viral,0,0,2888,111,7310
U0029,2026-01-16 23:00:00,LinkedIn,LinkedIn_B2B,0,0,2772,428,16866
U0029,2026-03-17 16:00:00,LinkedIn,LinkedIn_B2B,0,0,3426,166,12825
U0029,2026-02-08 00:00:00,Unknown,FB_Summer,0,0,1446,333,10572
U0029,2026-02-16 15:30:00,Facebook,FB_Summer,1,400,4921,275,12164
U0030,2026-03-03 03:00:00,LinkedIn,LinkedIn_B2B,0,0,6156,401,2756
U0030,2026-01-20 18:00:00,Facebook,FB_Summer,0,0,5571,441,14637
U0031,2026-02-18 14:00:00,Blog,Content_Marketing,0,0,4512,206,19632
U0031,2026-01-08 19:00:00,Blog,Content_Marketing,0,0,6124,158,9671
U0031,2026-01-21 07:00:00,Unknown,Google_Search,0,0,4690,402,16398
U0031,2026-01-05 07:00:00,LinkedIn,LinkedIn_B2B,0,0,1583,401,8648
U0031,2026-03-22 18:00:00,LinkedIn,LinkedIn_B2B,1,150,5461,165,5882
U0032,2026-01-08 05:00:00,Google,Google_Search,0,0,3364,274,5074
U0032,2026-03-30 09:00:00,TikTok,TikTok_Viral,0,0,5045,274,3635
U0032,2026-01-06 13:00:00,Unknown,Content_Marketing,0,0,2875,395,19848
U0033,2026-03-15 01:00:00,LinkedIn,LinkedIn_B2B,0,0,4622,192,6947
U0033,2026-02-25 20:00:00,Blog,Content_Marketing,0,0,4345,220,11520
U0033,2026-01-21 10:00:00,Google,Google_Search,0,0,4280,466,19025
U0033,2026-02-28 02:00:00,Google,Google_Search,0,0,4311,492,17862
U0033,2026-03-26 17:00:00,Google,Google_Search,0,0,6100,437,17334
U0034,2026-02-04 17:00:00,Facebook,FB_Summer,0,0,4970,112,1945
U0034,2026-01-31 22:00:00,Blog,Content_Marketing,0,0,1763,165,4717
U0034,2026-01-16 20:00:00,TikTok,TikTok_Viral,0,0,5168,411,9959
U0034,2026-03-03 15:00:00,TikTok,TikTok_Viral,0,0,5910,310,5473
U0035,2026-02-16 15:30:00,TikTok,TikTok_Viral,1,250,7860,350,17044
U0036,2026-03-03 11:00:00,Blog,Content_Marketing,0,0,3636,495,7181
U0036,2026-03-15 12:00:00,Unknown,FB_Summer,1,900,7100,292,13492
U0037,2026-01-05 04:00:00,TikTok,TikTok_Viral,0,0,7922,275,4267
U0037,2026-02-28 00:00:00,Blog,Content_Marketing,0,0,2264,88,16384
U0037,2026-02-13 19:00:00,LinkedIn,LinkedIn_B2B,0,0,7982,395,18485
U0037,2026-02-10 20:00:00,TikTok,TikTok_Viral,0,0,1294,366,3242
U0038,2026-01-12 13:00:00,Facebook,FB_Summer,0,0,1823,277,6451
U0038,2026-01-04 01:00:00,LinkedIn,LinkedIn_B2B,1,250,4528,124,9001
U0039,2026-03-29 05:00:00,Blog,Content_Marketing,0,0,6076,399,8891
U0039,2026-03-16 04:00:00,TikTok,TikTok_Viral,0,0,6462,54,16245
U0039,2026-03-28 17:00:00,LinkedIn,LinkedIn_B2B,0,0,5813,203,14903
U0039,2026-02-28 09:00:00,LinkedIn,LinkedIn_B2B,0,0,2943,245,19740
U0039,2026-03-15 09:00:00,LinkedIn,LinkedIn_B2B,1,600,6392,252,9994
U0040,2026-03-05 09:00:00,Blog,Content_Marketing,0,0,2794,375,7230
U0041,2026-03-22 03:00:00,Facebook,FB_Summer,0,0,4611,67,19991
U0041,2026-01-17 02:00:00,LinkedIn,LinkedIn_B2B,0,0,2644,117,18675
U0041,2026-03-09 16:00:00,LinkedIn,LinkedIn_B2B,0,0,7755,296,10671
U0041,2026-01-15 14:00:00,LinkedIn,LinkedIn_B2B,0,0,6540,420,14022
U0041,2026-02-16 15:30:00,Blog,Content_Marketing,1,250,4725,238,9590
U0042,2026-01-14 21:00:00,LinkedIn,LinkedIn_B2B,0,0,5599,217,8253
U0042,2026-03-23 14:00:00,Google,Google_Search,0,0,2145,73,2219
U0042,2026-03-05 03:00:00,LinkedIn,LinkedIn_B2B,0,0,4716,239,18701
U0042,2026-03-17 23:00:00,TikTok,TikTok_Viral,0,0,7829,300,14373
U0042,2026-01-05 22:00:00,LinkedIn,LinkedIn_B2B,1,600,3971,100,13036
U0043,2026-02-20 08:00:00,Google,Google_Search,0,0,4725,96,7950
U0043,2026-01-03 01:00:00,Blog,Content_Marketing,0,0,5625,155,3248
U0043,2026-01-27 18:00:00,Blog,Content_Marketing,0,0,2208,453,1092
U0043,2026-01-19 04:00:00,LinkedIn,LinkedIn_B2B,0,0,1211,117,1486
U0043,2026-01-31 18:00:00,LinkedIn,LinkedIn_B2B,1,400,7076,265,18238
U0044,2026-02-27 11:00:00,TikTok,TikTok_Viral,0,0,6038,72,18086
U0045,2026-01-08 15:00:00,Google,Google_Search,0,0,6835,277,3408
U0045,2026-02-11 19:00:00,Google,Google_Search,0,0,5795,330,11655
U0045,2026-03-18 16:00:00,TikTok,TikTok_Viral,1,900,7497,409,4749
U0046,2026-02-27 07:00:00,TikTok,TikTok_Viral,0,0,6976,98,11241
U0046,2026-02-10 21:00:00,TikTok,TikTok_Viral,0,0,4885,84,3989
U0046,2026-01-12 13:00:00,Google,Google_Search,0,0,5557,80,19402
U0046,2026-02-12 21:00:00,Blog,Content_Marketing,0,0,7146,266,2685
U0046,2026-03-18 09:00:00,LinkedIn,LinkedIn_B2B,1,150,6379,296,8348
U0047,2026-02-17 03:00:00,Blog,Content_Marketing,1,400,7923,337,19243
U0048,2026-01-24 08:00:00,Google,Google_Search,1,250,1050,142,5694
U0049,2026-01-19 23:00:00,Google,Google_Search,0,0,2762,242,14757
U0049,2026-02-13 05:00:00,TikTok,TikTok_Viral,0,0,5649,355,3783
U0049,2026-01-20 05:00:00,Google,Google_Search,0,0,4629,388,14894
U0049,2026-03-19 14:00:00,TikTok,TikTok_Viral,0,0,3827,270,4633
U0049,2026-03-28 21:00:00,LinkedIn,LinkedIn_B2B,1,600,2806,252,2795
U0050,2026-01-28 04:00:00,LinkedIn,LinkedIn_B2B,1,150,5074,432,15111
U0051,2026-03-10 22:00:00,TikTok,TikTok_Viral,0,0,3901,86,14011
U0051,2026-02-25 00:00:00,Google,Google_Search,0,0,4516,343,14252
U0052,2026-02-21 00:00:00,Google,Google_Search,0,0,4769,475,12857
U0052,2026-02-25 03:00:00,Google,Google_Search,0,0,4242,495,11167
U0052,2026-01-29 10:00:00,LinkedIn,LinkedIn_B2B,0,0,5346,311,7353
U0052,2026-02-14 23:00:00,LinkedIn,LinkedIn_B2B,1,250,1842,124,9387
U0053,2026-01-20 20:00:00,Blog,Content_Marketing,0,0,4800,436,19472
U0053,2026-02-27 21:00:00,Blog,Content_Marketing,0,0,6116,215,11359
U0054,2026-03-02 14:00:00,Google,Google_Search,0,0,3883,309,3431
U0054,2026-03-01 14:00:00,LinkedIn,LinkedIn_B2B,1,900,6281,492,3958
U0055,2026-03-16 17:00:00,Unknown,TikTok_Viral,0,0,7634,342,7168
U0055,2026-03-19 15:00:00,LinkedIn,LinkedIn_B2B,0,0,7643,478,12253
U0055,2026-03-06 20:00:00,Google,Google_Search,0,0,4599,318,18129
U0055,2026-01-21 11:00:00,Blog,Content_Marketing,0,0,3771,397,2715
U0055,2026-01-09 10:00:00,LinkedIn,LinkedIn_B2B,1,600,6928,486,5927
U0056,2026-03-26 04:00:00,Blog,Content_Marketing,0,0,6424,250,5225
U0056,2026-04-01 02:00:00,Blog,Content_Marketing,0,0,7661,115,18248
U0056,2026-03-24 21:00:00,Google,Google_Search,0,0,2476,159,12197
U0057,2026-01-18 04:00:00,Facebook,FB_Summer,0,0,7315,326,18253
U0057,2026-03-26 10:00:00,Google,Google_Search,0,0,2263,133,6925
U0057,2026-01-22 23:00:00,Blog,Content_Marketing,0,0,2945,277,10336
U0057,2026-01-30 17:00:00,TikTok,TikTok_Viral,1,150,7841,149,13053
U0058,2026-02-06 12:00:00,TikTok,TikTok_Viral,0,0,2635,460,5535
U0058,2026-01-07 20:00:00,LinkedIn,LinkedIn_B2B,0,0,6827,483,17905
U0058,2026-02-06 02:00:00,Google,Google_Search,0,0,2207,475,15335
U0058,2026-01-29 14:00:00,Google,Google_Search,0,0,4247,307,13253
U0058,2026-02-19 02:00:00,Facebook,FB_Summer,1,900,7874,415,11986
U0059,2026-02-06 15:00:00,Google,Google_Search,0,0,4674,365,1172
U0059,2026-01-03 08:00:00,Google,Google_Search,0,0,5987,320,14869
U0060,2026-02-08 03:00:00,Facebook,FB_Summer,1,250,4744,82,4632
U0061,2026-03-15 07:00:00,Unknown,Content_Marketing,0,0,3890,173,19699
U0061,2026-01-24 21:00:00,TikTok,TikTok_Viral,0,0,5309,328,17624
U0061,2026-03-12 00:00:00,Blog,Content_Marketing,0,0,4058,179,1532
U0061,2026-01-09 11:00:00,LinkedIn,LinkedIn_B2B,0,0,5766,426,11895
U0062,2026-03-11 10:00:00,LinkedIn,LinkedIn_B2B,0,0,4806,406,16680
U0062,2026-01-18 02:00:00,Unknown,FB_Summer,0,0,2651,72,7536
U0063,2026-03-07 12:00:00,LinkedIn,LinkedIn_B2B,1,400,7170,381,7262
U0064,2026-03-25 10:00:00,Google,Google_Search,0,0,4276,430,15409
U0064,2026-02-13 05:00:00,TikTok,TikTok_Viral,0,0,5253,186,3707
U0064,2026-01-11 13:00:00,TikTok,TikTok_Viral,1,400,3631,102,3623
U0065,2026-02-27 19:00:00,LinkedIn,LinkedIn_B2B,0,0,4662,71,12552
U0065,2026-02-25 08:00:00,Blog,Content_Marketing,0,0,6498,376,14310
U0065,2026-03-07 23:00:00,LinkedIn,LinkedIn_B2B,1,250,5977,397,15358
U0066,2026-01-31 20:00:00,Google,Google_Search,0,0,5956,128,15743
U0067,2026-01-10 18:00:00,TikTok,TikTok_Viral,0,0,3283,177,4717
U0067,2026-01-24 15:00:00,Google,Google_Search,0,0,7348,183,15623
U0067,2026-03-20 09:00:00,Facebook,FB_Summer,1,400,2111,486,3426
U0068,2026-01-12 21:00:00,TikTok,TikTok_Viral,0,0,6812,83,19022
U0068,2026-02-07 09:00:00,Blog,Content_Marketing,0,0,6224,139,12845
U0068,2026-01-29 03:00:00,Blog,Content_Marketing,0,0,5047,63,12825
U0068,2026-03-15 11:00:00,Blog,Content_Marketing,0,0,1706,83,11134
U0069,2026-02-22 13:00:00,Blog,Content_Marketing,0,0,6262,87,15744
U0069,2026-03-29 16:00:00,TikTok,TikTok_Viral,0,0,6241,350,6962
U0069,2026-02-25 16:00:00,Facebook,FB_Summer,0,0,2253,205,6395
U0069,2026-02-11 22:00:00,Facebook,FB_Summer,1,900,3326,483,3584
U0070,2026-02-05 04:00:00,Blog,Content_Marketing,0,0,6250,136,6052
U0070,2026-03-26 19:00:00,Facebook,FB_Summer,0,0,5617,71,1929
U0070,2026-01-06 20:00:00,Google,Google_Search,1,150,5686,263,1992
U0071,2026-03-03 07:00:00,LinkedIn,LinkedIn_B2B,0,0,1597,402,2963
U0071,2026-02-26 13:00:00,Facebook,FB_Summer,0,0,3560,491,11463
U0071,2026-02-21 04:00:00,LinkedIn,LinkedIn_B2B,0,0,2980,288,5014
U0071,2026-02-27 07:00:00,LinkedIn,LinkedIn_B2B,1,250,6041,264,9135
U0072,2026-02-10 06:00:00,Blog,Content_Marketing,0,0,5085,500,11110
U0072,2026-01-03 02:00:00,TikTok,TikTok_Viral,1,400,2762,348,12563
U0073,2026-03-05 19:00:00,LinkedIn,LinkedIn_B2B,0,0,5396,54,4522
U0074,2026-02-16 12:00:00,LinkedIn,LinkedIn_B2B,0,0,2594,235,19128
U0074,2026-01-10 12:00:00,LinkedIn,LinkedIn_B2B,0,0,6105,398,4893
U0074,2026-01-13 12:00:00,Facebook,FB_Summer,0,0,3995,436,5727
U0074,2026-03-19 16:00:00,Unknown,FB_Summer,0,0,6845,220,16523
U0075,2026-03-19 16:00:00,Facebook,FB_Summer,0,0,4219,365,10805
U0075,2026-02-13 16:00:00,Blog,Content_Marketing,0,0,3455,293,1545
U0075,2026-02-12 21:00:00,LinkedIn,LinkedIn_B2B,0,0,6941,496,1873
U0075,2026-03-02 08:00:00,Blog,Content_Marketing,0,0,5731,166,2682
U0075,2026-03-03 05:00:00,Blog,Content_Marketing,1,900,4114,125,8936
U0076,2026-01-03 14:00:00,Facebook,FB_Summer,0,0,4361,306,16453
U0077,2026-01-27 17:00:00,Blog,Content_Marketing,0,0,3570,138,16062
U0078,2026-02-15 21:00:00,Blog,Content_Marketing,0,0,6679,185,16865
U0078,2026-02-01 08:00:00,Facebook,FB_Summer,0,0,3438,444,10470
U0078,2026-03-30 22:00:00,Facebook,FB_Summer,0,0,7515,419,9960
U0078,2026-01-16 18:00:00,LinkedIn,LinkedIn_B2B,0,0,7704,226,5799
U0078,2026-01-06 09:00:00,LinkedIn,LinkedIn_B2B,1,400,6373,181,16698
U0079,2026-02-04 17:00:00,Blog,Content_Marketing,0,0,5807,172,8944
U0079,2026-03-27 16:00:00,Google,Google_Search,1,150,3705,417,16479
U0080,2026-03-12 05:00:00,Google,Google_Search,0,0,4911,383,7535
U0081,2026-03-24 01:00:00,LinkedIn,LinkedIn_B2B,0,0,5383,428,2222
U0081,2026-02-23 05:00:00,Facebook,FB_Summer,0,0,7454,303,7105
U0081,2026-01-05 00:00:00,LinkedIn,LinkedIn_B2B,1,400,3744,195,15888
U0082,2026-03-06 14:00:00,Facebook,FB_Summer,0,0,6989,284,9430
U0082,2026-01-02 23:00:00,Facebook,FB_Summer,0,0,2582,139,14287
U0082,2026-03-07 10:00:00,TikTok,TikTok_Viral,0,0,2151,294,11603
U0082,2026-01-01 08:00:00,Facebook,FB_Summer,0,0,3700,204,19772
U0082,2026-02-03 20:00:00,Google,Google_Search,1,900,4812,207,6233
U0083,2026-03-23 09:00:00,Google,Google_Search,0,0,4917,128,15908
U0083,2026-02-17 13:00:00,Blog,Content_Marketing,0,0,7569,390,8156
U0083,2026-03-29 19:00:00,Facebook,FB_Summer,0,0,6765,235,3559
U0083,2026-01-15 01:00:00,Blog,Content_Marketing,1,250,5396,126,6391
U0084,2026-03-29 06:00:00,Google,Google_Search,0,0,4649,464,2823
U0084,2026-01-17 16:00:00,TikTok,TikTok_Viral,0,0,6511,463,11098
U0084,2026-02-20 08:00:00,Google,Google_Search,1,900,1371,266,12289
U0085,2026-03-02 01:00:00,Google,Google_Search,0,0,6255,423,14774
U0086,2026-02-18 12:00:00,TikTok,TikTok_Viral,0,0,2089,384,12395
U0086,2026-01-23 17:00:00,Google,Google_Search,0,0,7838,51,1744
U0086,2026-03-01 21:00:00,LinkedIn,LinkedIn_B2B,1,600,2881,176,16093
U0087,2026-01-25 23:00:00,LinkedIn,LinkedIn_B2B,0,0,6037,442,1512
U0087,2026-01-27 02:00:00,Facebook,FB_Summer,0,0,6761,496,2595
U0087,2026-01-06 12:00:00,Facebook,FB_Summer,0,0,7357,78,5591
U0088,2026-03-15 10:00:00,Facebook,FB_Summer,0,0,2940,204,5694
U0088,2026-01-29 13:00:00,Blog,Content_Marketing,0,0,7022,139,14998
U0088,2026-03-05 01:00:00,Blog,Content_Marketing,0,0,7437,318,11444
U0088,2026-02-22 04:00:00,TikTok,TikTok_Viral,0,0,2974,484,8384
U0088,2026-04-01 04:00:00,LinkedIn,LinkedIn_B2B,1,250,4412,335,18366
U0089,2026-02-02 06:00:00,Facebook,FB_Summer,0,0,4039,97,18551
U0089,2026-01-07 08:00:00,Unknown,FB_Summer,1,600,1596,146,19312
U0090,2026-02-16 15:30:00,Facebook,FB_Summer,0,0,7074,110,16693
U0090,2026-03-31 19:00:00,Facebook,FB_Summer,1,900,3634,447,10275
U0091,2026-03-25 11:00:00,Blog,Content_Marketing,0,0,4817,100,16384
U0091,2026-01-27 11:00:00,LinkedIn,LinkedIn_B2B,0,0,7072,124,1531
U0091,2026-03-12 18:00:00,LinkedIn,LinkedIn_B2B,0,0,3702,167,13446
U0091,2026-02-01 15:00:00,Blog,Content_Marketing,1,900,7253,470,17011
U0092,2026-02-15 05:00:00,Facebook,FB_Summer,0,0,5441,378,2924
U0092,2026-01-05 02:00:00,Blog,Content_Marketing,0,0,4378,120,8583
,2026-04-01 04:00:00,Google,Google_Search,0,0,6061,376,16833
U0092,2026-01-03 00:00:00,Unknown,TikTok_Viral,1,900,6916,190,18555
U0093,2026-03-31 21:00:00,Blog,Content_Marketing,0,0,1789,318,5879
U0093,2026-01-25 19:00:00,Facebook,FB_Summer,0,0,4251,90,13224
U0093,2026-02-28 18:00:00,TikTok,TikTok_Viral,0,0,7783,484,3641
U0094,2026-02-18 12:00:00,Unknown,TikTok_Viral,0,0,2403,92,17379
U0095,2026-01-13 16:00:00,Blog,Content_Marketing,0,0,6671,340,16581
U0095,2026-01-06 02:00:00,LinkedIn,LinkedIn_B2B,0,0,6391,66,6877
U0095,2026-01-03 06:00:00,LinkedIn,LinkedIn_B2B,0,0,4262,89,10806
U0095,2026-03-14 07:00:00,Facebook,FB_Summer,1,400,5428,219,13577
U0096,2026-02-14 01:00:00,Blog,Content_Marketing,0,0,5957,443,13999
U0096,2026-01-04 20:00:00,LinkedIn,LinkedIn_B2B,0,0,3914,333,13301
U0097,2026-03-26 12:00:00,Blog,Content_Marketing,0,0,6841,87,3688
U0097,2026-01-20 12:00:00,LinkedIn,LinkedIn_B2B,0,0,3594,234,4491
U0097,2026-01-01 09:00:00,Google,Google_Search,0,0,1715,145,15122
U0097,2026-03-13 17:00:00,TikTok,TikTok_Viral,0,0,5540,97,11630
U0098,2026-02-22 12:00:00,LinkedIn,LinkedIn_B2B,0,0,2988,342,18075
U0098,2026-03-29 12:00:00,Facebook,FB_Summer,0,0,2195,82,6479
U0098,2026-02-05 13:00:00,TikTok,TikTok_Viral,0,0,3020,419,17246
U0098,2026-03-20 06:00:00,Unknown,Content_Marketing,0,0,4241,220,13448
U0099,2026-02-25 20:00:00,LinkedIn,LinkedIn_B2B,0,0,6695,152,16696
U0099,2026-01-23 12:00:00,LinkedIn,LinkedIn_B2B,0,0,5022,344,8943
U0099,2026-02-18 08:00:00,LinkedIn,LinkedIn_B2B,1,900,5619,152,18879
U0100,2026-04-01 06:00:00,TikTok,TikTok_Viral,0,0,7708,484,14406
U0100,2026-01-18 20:00:00,TikTok,TikTok_Viral,0,0,4466,454,13353
U0101,2026-03-03 18:00:00,Blog,Content_Marketing,1,900,6666,264,18814
U0102,2026-03-18 20:00:00,Blog,Content_Marketing,1,400,6445,231,6450
U0103,2026-03-24 21:00:00,Blog,Content_Marketing,0,0,7522,270,4471
U0103,2026-01-13 08:00:00,Google,Google_Search,0,0,6633,344,8242
U0103,2026-02-17 12:00:00,TikTok,TikTok_Viral,0,0,2234,226,1804
U0103,2026-01-14 09:00:00,TikTok,TikTok_Viral,0,0,6981,122,12414
U0103,2026-02-13 14:00:00,LinkedIn,LinkedIn_B2B,0,0,1799,274,15825
U0104,2026-01-06 22:00:00,LinkedIn,LinkedIn_B2B,0,0,6547,459,6385
U0104,2026-03-08 05:00:00,Facebook,FB_Summer,0,0,4785,168,14272
U0104,2026-01-24 20:00:00,Facebook,FB_Summer,0,0,2616,280,15075
U0105,2026-01-27 08:00:00,Facebook,FB_Summer,0,0,1833,459,18592
U0105,2026-02-16 10:00:00,Facebook,FB_Summer,0,0,5009,320,11269
U0105,2026-02-19 19:00:00,Blog,Content_Marketing,0,0,4750,366,6653
U0105,2026-03-20 18:00:00,LinkedIn,LinkedIn_B2B,0,0,3501,109,6998
U0106,2026-02-19 13:00:00,Blog,Content_Marketing,0,0,4986,375,18608
U0106,2026-03-13 05:00:00,Facebook,FB_Summer,0,0,4694,367,2756
U0106,2026-01-02 15:00:00,LinkedIn,LinkedIn_B2B,0,0,5140,384,17219
U0107,2026-04-01 14:00:00,Unknown,TikTok_Viral,0,0,7234,162,10571
U0107,2026-02-05 07:00:00,Google,Google_Search,0,0,7082,445,17230
U0107,2026-03-07 03:00:00,Blog,Content_Marketing,0,0,4005,327,2363
U0107,2026-03-11 06:00:00,TikTok,TikTok_Viral,1,900,7155,176,10755
U0108,2026-02-14 02:00:00,LinkedIn,LinkedIn_B2B,1,900,2941,157,12489
U0109,2026-03-20 04:00:00,Facebook,FB_Summer,0,0,5670,229,18441
U0109,2026-03-18 17:00:00,LinkedIn,LinkedIn_B2B,0,0,5691,186,17856
U0109,2026-01-18 13:00:00,Google,Google_Search,0,0,2039,409,5348
U0109,2026-01-19 22:00:00,Facebook,FB_Summer,0,0,4217,300,5658
U0109,2026-03-22 08:00:00,Blog,Content_Marketing,1,600,7509,500,4050
U0110,2026-02-16 15:30:00,LinkedIn,LinkedIn_B2B,0,0,7002,97,16022
U0110,2026-01-09 17:00:00,LinkedIn,LinkedIn_B2B,0,0,5052,187,11579
U0110,2026-02-13 17:00:00,LinkedIn,LinkedIn_B2B,0,0,3815,399,2586
U0110,2026-01-13 20:00:00,Google,Google_Search,1,250,2294,275,15959
U0111,2026-03-30 04:00:00,Facebook,FB_Summer,1,600,3244,97,12810
U0112,2026-03-27 20:00:00,LinkedIn,LinkedIn_B2B,0,0,6729,436,8672
U0112,2026-02-16 15:30:00,TikTok,TikTok_Viral,0,0,2087,353,8411
,2026-03-29 14:00:00,Blog,Content_Marketing,0,0,4459,405,5331
U0113,2026-02-19 02:00:00,Facebook,FB_Summer,0,0,3451,120,13541
U0113,2026-03-24 21:00:00,Unknown,FB_Summer,0,0,6324,134,15421
U0113,2026-01-28 20:00:00,LinkedIn,LinkedIn_B2B,0,0,4624,490,8118
U0113,2026-01-13 04:00:00,Google,Google_Search,0,0,4517,211,5581
U0114,2026-02-01 17:00:00,Google,Google_Search,0,0,6656,63,10884
U0114,2026-03-08 19:00:00,Facebook,FB_Summer,1,250,1447,451,8842
U0115,2026-01-31 15:00:00,Google,Google_Search,0,0,1098,234,11370
U0115,2026-02-19 18:00:00,Facebook,FB_Summer,0,0,4858,444,3391
,2026-03-17 02:00:00,Google,Google_Search,0,0,7465,253,17600
U0115,2026-03-22 22:00:00,LinkedIn,LinkedIn_B2B,1,600,1675,377,18582
U0116,2026-01-11 09:00:00,LinkedIn,LinkedIn_B2B,0,0,2272,324,11706
U0116,2026-03-17 20:00:00,TikTok,TikTok_Viral,0,0,3540,407,15335
U0116,2026-01-08 07:00:00,Facebook,FB_Summer,0,0,5987,78,11134
U0116,2026-01-16 00:00:00,Facebook,FB_Summer,0,0,3840,317,17948
U0116,2026-01-22 11:00:00,LinkedIn,LinkedIn_B2B,0,0,1967,444,1961
U0117,2026-03-09 02:00:00,LinkedIn,LinkedIn_B2B,0,0,5064,283,17737
U0117,2026-01-08 15:00:00,LinkedIn,LinkedIn_B2B,0,0,7335,102,19805
U0117,2026-01-30 23:00:00,Google,Google_Search,1,600,3003,73,16458
U0118,2026-01-23 01:00:00,Facebook,FB_Summer,0,0,4435,164,11544
U0118,2026-02-23 23:00:00,Facebook,FB_Summer,0,0,1978,307,2725
U0118,2026-01-29 16:00:00,Facebook,FB_Summer,1,600,4810,493,10250
,2026-03-12 14:00:00,Google,Google_Search,0,0,3489,428,8948
U0119,2026-02-17 18:00:00,TikTok,TikTok_Viral,0,0,7000,329,9032
U0119,2026-01-01 13:00:00,Facebook,FB_Summer,1,400,6680,499,1314
U0120,2026-02-09 03:00:00,TikTok,TikTok_Viral,0,0,1490,122,10169
U0120,2026-01-06 07:00:00,Google,Google_Search,0,0,4051,284,3782
U0120,2026-01-13 16:00:00,Blog,Content_Marketing,0,0,5651,81,15253
U0121,2026-02-03 10:00:00,LinkedIn,LinkedIn_B2B,0,0,3672,212,15835
U0121,2026-01-30 02:00:00,LinkedIn,LinkedIn_B2B,1,150,1892,129,4462
U0122,2026-02-10 13:00:00,TikTok,TikTok_Viral,0,0,4702,207,16182
U0122,2026-01-16 02:00:00,LinkedIn,LinkedIn_B2B,1,900,6708,358,2321
U0123,2026-01-12 22:00:00,Facebook,FB_Summer,0,0,6547,203,9525
U0123,2026-01-04 12:00:00,Facebook,FB_Summer,1,400,1775,286,4339
U0124,2026-01-08 07:00:00,Google,Google_Search,0,0,6163,380,3753
U0124,2026-03-17 08:00:00,Blog,Content_Marketing,0,0,2619,380,15530
U0125,2026-01-16 01:00:00,LinkedIn,LinkedIn_B2B,0,0,4548,470,13943
U0125,2026-01-04 12:00:00,TikTok,TikTok_Viral,0,0,2533,190,10170
U0126,2026-03-20 19:00:00,Google,Google_Search,0,0,5511,295,2998
U0126,2026-02-05 12:00:00,Google,Google_Search,0,0,5307,177,18814
U0126,2026-02-18 22:00:00,Google,Google_Search,0,0,5633,307,11538
U0126,2026-02-04 05:00:00,Unknown,TikTok_Viral,0,0,7641,448,10205
U0127,2026-02-15 18:00:00,Blog,Content_Marketing,1,900,6381,173,9733
U0128,2026-03-15 12:00:00,Facebook,FB_Summer,0,0,2442,171,11420
U0128,2026-03-17 00:00:00,LinkedIn,LinkedIn_B2B,0,0,2164,338,7168
U0128,2026-03-11 09:00:00,TikTok,TikTok_Viral,0,0,5928,162,1653
U0128,2026-03-03 00:00:00,Blog,Content_Marketing,0,0,3791,417,6815
U0128,2026-01-08 00:00:00,LinkedIn,LinkedIn_B2B,0,0,1908,483,18245
U0129,2026-04-01 21:00:00,LinkedIn,LinkedIn_B2B,0,0,2117,130,15315
U0129,2026-03-25 10:00:00,TikTok,TikTok_Viral,0,0,6027,452,12692
U0129,2026-03-27 18:00:00,Facebook,FB_Summer,0,0,3412,115,6823
U0130,2026-01-05 05:00:00,Blog,Content_Marketing,1,600,2809,377,19531
U0131,2026-02-12 23:00:00,Facebook,FB_Summer,1,900,6211,95,12001
U0132,2026-01-27 07:00:00,LinkedIn,LinkedIn_B2B,0,0,6901,50,2577
U0132,2026-02-26 23:00:00,TikTok,TikTok_Viral,0,0,4102,229,18892
U0132,2026-01-13 15:00:00,TikTok,TikTok_Viral,0,0,2847,133,15787
U0132,2026-01-05 09:00:00,Google,Google_Search,0,0,3800,137,13303
U0133,2026-01-12 10:00:00,Blog,Content_Marketing,0,0,1253,270,6406
U0133,2026-02-25 05:00:00,Blog,Content_Marketing,0,0,4352,406,19157
U0134,2026-02-08 07:00:00,LinkedIn,LinkedIn_B2B,0,0,5021,128,2786
U0134,2026-01-01 13:00:00,LinkedIn,LinkedIn_B2B,0,0,4934,152,4178
U0134,2026-01-27 05:00:00,Google,Google_Search,0,0,1946,207,14024
U0134,2026-03-04 21:00:00,TikTok,TikTok_Viral,0,0,4039,245,13104
U0134,2026-02-27 01:00:00,Facebook,FB_Summer,1,250,3200,338,3019
U0135,2026-03-27 11:00:00,Google,Google_Search,0,0,2863,333,2998
U0135,2026-03-08 13:00:00,TikTok,TikTok_Viral,0,0,5691,170,16606
U0136,2026-01-05 16:00:00,TikTok,TikTok_Viral,0,0,6081,125,4941
U0136,2026-01-23 05:00:00,TikTok,TikTok_Viral,0,0,4468,90,15266
U0136,2026-03-22 04:00:00,Facebook,FB_Summer,0,0,7613,84,3851
U0137,2026-02-11 08:00:00,Unknown,Content_Marketing,0,0,6737,369,18123
U0137,2026-01-15 13:00:00,TikTok,TikTok_Viral,0,0,1820,104,19438
U0137,2026-02-06 17:00:00,Google,Google_Search,0,0,6364,298,19744
U0137,2026-03-02 01:00:00,Blog,Content_Marketing,1,600,6577,405,14163
U0138,2026-03-30 07:00:00,LinkedIn,LinkedIn_B2B,1,600,4051,60,12071
U0139,2026-03-04 22:00:00,LinkedIn,LinkedIn_B2B,0,0,3461,430,15519
U0139,2026-02-04 23:00:00,LinkedIn,LinkedIn_B2B,0,0,2731,471,14342
U0139,2026-03-08 11:00:00,TikTok,TikTok_Viral,1,250,3548,413,17606
U0140,2026-03-14 00:00:00,Blog,Content_Marketing,0,0,1472,177,2083
U0140,2026-01-07 11:00:00,TikTok,TikTok_Viral,0,0,5137,253,5059
U0140,2026-01-31 11:00:00,Google,Google_Search,0,0,4887,350,19066
U0140,2026-02-14 05:00:00,LinkedIn,LinkedIn_B2B,0,0,1740,195,1899
U0141,2026-03-15 06:00:00,Facebook,FB_Summer,0,0,3204,383,14418
,2026-01-03 21:00:00,Blog,Content_Marketing,0,0,5924,460,1277
U0141,2026-02-02 19:00:00,Facebook,FB_Summer,0,0,6265,190,14887
U0141,2026-02-14 14:00:00,TikTok,TikTok_Viral,0,0,7752,369,14013
U0142,2026-03-07 21:00:00,Google,Google_Search,0,0,5864,361,10262
U0142,2026-03-29 03:00:00,LinkedIn,LinkedIn_B2B,0,0,3663,491,10072
U0142,2026-03-25 22:00:00,LinkedIn,LinkedIn_B2B,0,0,5237,441,8874
U0142,2026-03-18 12:00:00,Google,Google_Search,0,0,6369,304,10686
U0142,2026-02-23 12:00:00,LinkedIn,LinkedIn_B2B,0,0,5686,467,7223
U0143,2026-03-23 15:00:00,Blog,Content_Marketing,0,0,7925,137,19292
U0143,2026-02-07 03:00:00,Facebook,FB_Summer,0,0,5579,440,6998
U0143,2026-03-25 02:00:00,LinkedIn,LinkedIn_B2B,1,150,4444,453,11856
U0144,2026-02-07 14:00:00,Blog,Content_Marketing,0,0,5780,347,3333
U0144,2026-01-25 16:00:00,TikTok,TikTok_Viral,0,0,4384,77,5940
U0144,2026-01-26 10:00:00,Facebook,FB_Summer,1,250,4748,123,11367
U0145,2026-02-12 20:00:00,TikTok,TikTok_Viral,0,0,4703,190,7861
U0145,2026-03-15 05:00:00,Facebook,FB_Summer,0,0,6033,272,15070
U0146,2026-02-19 00:00:00,TikTok,TikTok_Viral,0,0,1115,214,18400
,2026-01-03 21:00:00,Facebook,FB_Summer,0,0,3820,209,5224
U0146,2026-02-19 16:00:00,Google,Google_Search,0,0,3442,198,15939
U0146,2026-03-18 16:00:00,Blog,Content_Marketing,1,600,3807,300,12771
U0147,2026-01-03 07:00:00,TikTok,TikTok_Viral,0,0,1179,351,17535
U0147,2026-01-16 11:00:00,Facebook,FB_Summer,0,0,6245,180,18522
U0148,2026-01-07 21:00:00,Unknown,Content_Marketing,0,0,1948,263,15559
U0148,2026-01-16 17:00:00,TikTok,TikTok_Viral,0,0,6617,372,1304
U0148,2026-02-23 21:00:00,LinkedIn,LinkedIn_B2B,0,0,6740,120,14724
U0148,2026-03-07 23:00:00,Google,Google_Search,0,0,5077,151,7545
U0148,2026-03-08 06:00:00,LinkedIn,LinkedIn_B2B,0,0,5490,304,7805
U0149,2026-01-01 00:00:00,Facebook,FB_Summer,0,0,6480,302,5887
U0149,2026-03-07 02:00:00,Google,Google_Search,0,0,2893,283,10700
U0149,2026-03-01 01:00:00,Unknown,LinkedIn_B2B,0,0,3380,234,11246
U0149,2026-01-15 03:00:00,Unknown,TikTok_Viral,1,400,2133,389,6587
U0150,2026-03-21 08:00:00,TikTok,TikTok_Viral,0,0,2498,108,14132
U0150,2026-02-28 08:00:00,TikTok,TikTok_Viral,0,0,4454,382,6465
U0150,2026-01-17 22:00:00,Google,Google_Search,1,400,1849,263,16816
U0151,2026-03-20 12:00:00,Facebook,FB_Summer,0,0,7869,422,5281
U0151,2026-03-04 03:00:00,TikTok,TikTok_Viral,0,0,6365,210,1405
U0151,2026-03-15 23:00:00,Blog,Content_Marketing,0,0,3771,315,18141
U0151,2026-01-13 13:00:00,Blog,Content_Marketing,0,0,6540,378,13611
U0151,2026-03-13 19:00:00,Facebook,FB_Summer,1,900,7953,290,17247
U0152,2026-02-11 07:00:00,TikTok,TikTok_Viral,0,0,5509,379,13407
U0152,2026-01-31 02:00:00,TikTok,TikTok_Viral,0,0,5083,278,11356
U0153,2026-01-14 12:00:00,Unknown,Google_Search,1,900,1744,455,10981
U0154,2026-02-13 11:00:00,TikTok,TikTok_Viral,0,0,3719,336,16503
U0154,2026-02-27 03:00:00,Unknown,LinkedIn_B2B,0,0,3909,474,10567
U0154,2026-03-08 11:00:00,Blog,Content_Marketing,0,0,2150,470,14409
U0154,2026-02-02 19:00:00,Google,Google_Search,0,0,2766,284,7244
U0154,2026-01-14 13:00:00,LinkedIn,LinkedIn_B2B,1,150,2009,445,15762
U0155,2026-01-01 16:00:00,TikTok,TikTok_Viral,0,0,5793,297,17657
U0155,2026-03-30 18:00:00,Facebook,FB_Summer,0,0,6386,357,11546
U0155,2026-02-19 13:00:00,Blog,Content_Marketing,0,0,3241,253,12234
U0155,2026-02-27 04:00:00,LinkedIn,LinkedIn_B2B,0,0,5196,203,18950
U0156,2026-01-27 19:00:00,Facebook,FB_Summer,0,0,2086,413,6826
U0156,2026-03-11 22:00:00,Blog,Content_Marketing,0,0,5606,295,19698
U0156,2026-03-28 23:00:00,TikTok,TikTok_Viral,1,150,4460,463,1418
U0157,2026-02-18 04:00:00,Google,Google_Search,0,0,7435,132,10391
U0157,2026-01-19 01:00:00,LinkedIn,LinkedIn_B2B,0,0,1264,233,15830
U0157,2026-03-20 21:00:00,Google,Google_Search,0,0,5597,249,8785
U0157,2026-03-31 09:00:00,Blog,Content_Marketing,0,0,4412,453,11245
U0157,2026-01-07 00:00:00,Blog,Content_Marketing,0,0,4629,474,8390
U0158,2026-02-07 14:00:00,Facebook,FB_Summer,0,0,2423,426,17837
U0158,2026-02-18 01:00:00,Google,Google_Search,0,0,5784,483,9356
U0158,2026-02-12 14:00:00,Google,Google_Search,1,150,3642,355,2666
U0159,2026-03-15 17:00:00,TikTok,TikTok_Viral,0,0,2801,144,18059
U0159,2026-03-06 05:00:00,Google,Google_Search,0,0,2812,159,11875
U0159,2026-02-16 09:00:00,LinkedIn,LinkedIn_B2B,0,0,5598,471,1288
U0159,2026-03-27 11:00:00,Google,Google_Search,0,0,6088,174,2306
U0159,2026-02-18 03:00:00,LinkedIn,LinkedIn_B2B,1,250,5234,470,13286
U0160,2026-01-06 09:00:00,TikTok,TikTok_Viral,0,0,1786,135,18628
U0160,2026-01-01 20:00:00,Blog,Content_Marketing,0,0,6614,267,4405
U0160,2026-03-10 22:00:00,Facebook,FB_Summer,0,0,7690,86,6038
U0160,2026-02-28 22:00:00,Google,Google_Search,0,0,7506,178,19287
U0160,2026-03-15 07:00:00,Google,Google_Search,1,900,4313,271,11367
U0161,2026-03-10 00:00:00,Google,Google_Search,1,600,5797,73,3378
U0162,2026-03-29 09:00:00,LinkedIn,LinkedIn_B2B,0,0,4124,252,2009
U0162,2026-01-21 17:00:00,TikTok,TikTok_Viral,0,0,7958,329,10665
U0162,2026-02-08 21:00:00,Facebook,FB_Summer,0,0,6307,241,1365
U0163,2026-01-06 00:00:00,Google,Google_Search,0,0,1697,206,7883
U0163,2026-01-28 13:00:00,LinkedIn,LinkedIn_B2B,0,0,2507,163,9281
U0163,2026-01-15 05:00:00,Facebook,FB_Summer,0,0,7152,331,16114
U0163,2026-01-10 09:00:00,Blog,Content_Marketing,0,0,5756,299,11841
U0163,2026-01-17 21:00:00,LinkedIn,LinkedIn_B2B,0,0,2585,212,16920
U0164,2026-03-26 09:00:00,Blog,Content_Marketing,0,0,7616,211,15034
U0164,2026-01-01 10:00:00,Facebook,FB_Summer,0,0,4572,191,12779
U0164,2026-03-28 23:00:00,Facebook,FB_Summer,0,0,7346,206,16957
U0164,2026-01-14 05:00:00,Blog,Content_Marketing,1,400,7770,121,18649
U0165,2026-01-10 00:00:00,Google,Google_Search,0,0,5742,257,7971
U0165,2026-03-12 08:00:00,Google,Google_Search,1,250,7350,126,12987
U0166,2026-02-07 04:00:00,Blog,Content_Marketing,0,0,5113,55,8827
U0166,2026-03-29 05:00:00,Blog,Content_Marketing,0,0,5639,339,5790
U0166,2026-02-15 01:00:00,TikTok,TikTok_Viral,0,0,4026,169,2402
U0166,2026-03-08 11:00:00,Facebook,FB_Summer,1,150,1326,382,11619
U0167,2026-03-16 17:00:00,LinkedIn,LinkedIn_B2B,1,250,5814,384,3550
U0168,2026-01-29 16:00:00,TikTok,TikTok_Viral,0,0,7493,296,1216
U0168,2026-01-18 14:00:00,Blog,Content_Marketing,0,0,2732,126,7124
U0168,2026-02-16 19:00:00,Facebook,FB_Summer,0,0,7645,219,4713
U0168,2026-03-28 15:00:00,TikTok,TikTok_Viral,0,0,4366,61,8984
U0168,2026-01-17 18:00:00,Google,Google_Search,1,250,5688,125,2832
U0169,2026-03-08 12:00:00,Unknown,FB_Summer,0,0,6894,422,10288
U0169,2026-01-28 14:00:00,Google,Google_Search,1,250,2797,475,14460
U0170,2026-01-24 19:00:00,Blog,Content_Marketing,0,0,3807,282,3255
U0170,2026-02-16 15:30:00,Facebook,FB_Summer,0,0,5131,400,14755
U0170,2026-03-19 03:00:00,Facebook,FB_Summer,0,0,7421,322,17493
U0170,2026-01-12 15:00:00,Google,Google_Search,0,0,1009,446,15139
U0170,2026-02-23 11:00:00,Blog,Content_Marketing,0,0,7572,296,13492
U0171,2026-01-18 08:00:00,TikTok,TikTok_Viral,0,0,3320,356,18816
,2026-02-02 06:00:00,Unknown,TikTok_Viral,0,0,5280,110,18031
U0171,2026-02-18 20:00:00,Google,Google_Search,0,0,1873,129,14961
U0172,2026-03-10 13:00:00,LinkedIn,LinkedIn_B2B,0,0,4255,436,7674
U0172,2026-03-12 17:00:00,TikTok,TikTok_Viral,0,0,3078,207,19928
U0172,2026-04-01 12:00:00,LinkedIn,LinkedIn_B2B,0,0,7126,167,15634
U0172,2026-01-13 06:00:00,Facebook,FB_Summer,0,0,6030,406,2705
,2026-02-19 20:00:00,Facebook,FB_Summer,1,250,5917,272,3888
U0173,2026-02-17 02:00:00,Facebook,FB_Summer,1,250,4282,364,18072
U0174,2026-03-23 15:00:00,Facebook,FB_Summer,0,0,7585,315,10371
U0174,2026-01-05 19:00:00,Facebook,FB_Summer,0,0,6521,68,12787
U0174,2026-03-25 00:00:00,Facebook,FB_Summer,0,0,4272,230,13948
U0175,2026-01-02 23:00:00,Blog,Content_Marketing,0,0,6948,474,19321
U0175,2026-02-14 11:00:00,Blog,Content_Marketing,0,0,2593,282,14236
U0175,2026-01-01 08:00:00,Blog,Content_Marketing,0,0,5121,200,12140
U0175,2026-03-07 08:00:00,Google,Google_Search,1,150,6686,276,13356
U0176,2026-02-13 14:00:00,Facebook,FB_Summer,0,0,4948,109,9448
U0176,2026-02-18 20:00:00,Google,Google_Search,0,0,7554,211,14514
,2026-03-08 17:00:00,LinkedIn,LinkedIn_B2B,0,0,1761,254,12206
U0176,2026-03-12 05:00:00,Google,Google_Search,0,0,3204,143,7231
U0176,2026-01-26 07:00:00,TikTok,TikTok_Viral,1,900,2661,477,9182
U0177,2026-01-14 03:00:00,Facebook,FB_Summer,0,0,6028,53,18743
U0177,2026-03-03 11:00:00,Google,Google_Search,0,0,5706,494,10002
U0177,2026-01-24 16:00:00,TikTok,TikTok_Viral,0,0,1443,319,14866
U0177,2026-03-11 01:00:00,TikTok,TikTok_Viral,0,0,2431,284,4944
U0177,2026-02-16 15:30:00,Blog,Content_Marketing,1,400,5759,101,11663
U0178,2026-03-12 08:00:00,Facebook,FB_Summer,0,0,3997,144,17343
U0178,2026-01-27 13:00:00,TikTok,TikTok_Viral,0,0,3290,280,6894
U0178,2026-01-17 18:00:00,Blog,Content_Marketing,1,250,7587,170,19197
U0179,2026-01-19 23:00:00,Facebook,FB_Summer,0,0,5092,118,17941
U0179,2026-02-10 15:00:00,Blog,Content_Marketing,0,0,4263,100,6352
U0179,2026-01-28 08:00:00,Google,Google_Search,0,0,3741,183,12828
U0179,2026-03-13 17:00:00,Unknown,LinkedIn_B2B,1,600,1993,229,7519
U0180,2026-02-15 10:00:00,LinkedIn,LinkedIn_B2B,0,0,1642,245,10388
U0180,2026-03-22 04:00:00,TikTok,TikTok_Viral,0,0,4455,373,19731
U0180,2026-01-10 02:00:00,TikTok,TikTok_Viral,0,0,3386,413,9764
U0180,2026-03-24 12:00:00,Blog,Content_Marketing,0,0,3975,432,18070
U0180,2026-02-22 05:00:00,TikTok,TikTok_Viral,0,0,6423,178,3623
U0181,2026-01-14 03:00:00,TikTok,TikTok_Viral,0,0,1215,444,14009
U0181,2026-01-11 03:00:00,Blog,Content_Marketing,0,0,4193,208,8515
U0182,2026-03-22 04:00:00,Unknown,TikTok_Viral,0,0,6435,232,11656
U0182,2026-03-01 17:00:00,TikTok,TikTok_Viral,1,250,6714,326,6801
U0183,2026-02-25 16:00:00,Blog,Content_Marketing,0,0,4945,326,8442
U0183,2026-02-26 09:00:00,Google,Google_Search,0,0,1000,317,5466
U0183,2026-02-06 15:00:00,LinkedIn,LinkedIn_B2B,0,0,7188,294,10817
U0183,2026-02-25 09:00:00,Google,Google_Search,0,0,2544,260,19368
U0183,2026-02-20 07:00:00,TikTok,TikTok_Viral,1,900,4099,162,9617
U0184,2026-03-08 19:00:00,Facebook,FB_Summer,1,600,7086,322,9808
U0185,2026-01-24 04:00:00,Google,Google_Search,0,0,3229,408,17121
U0185,2026-02-11 00:00:00,Unknown,FB_Summer,0,0,1837,194,9820
,2026-02-26 23:00:00,Unknown,FB_Summer,0,0,2779,225,14770
U0185,2026-03-05 11:00:00,LinkedIn,LinkedIn_B2B,1,150,7910,434,5787
U0186,2026-01-10 17:00:00,TikTok,TikTok_Viral,1,250,7694,245,1413
U0187,2026-02-26 07:00:00,TikTok,TikTok_Viral,1,150,7315,98,18076
U0188,2026-03-29 09:00:00,TikTok,TikTok_Viral,0,0,7100,331,18069
U0188,2026-02-02 15:00:00,Google,Google_Search,1,900,6461,161,4700
U0189,2026-01-02 05:00:00,LinkedIn,LinkedIn_B2B,0,0,2991,54,2376
U0189,2026-03-30 15:00:00,Blog,Content_Marketing,1,600,3037,130,17381
U0190,2026-01-08 11:00:00,Google,Google_Search,1,400,2030,299,8624
U0191,2026-01-25 00:00:00,TikTok,TikTok_Viral,0,0,1323,298,15336
U0191,2026-02-07 17:00:00,Blog,Content_Marketing,0,0,3848,215,16348
U0191,2026-03-18 17:00:00,LinkedIn,LinkedIn_B2B,1,400,7712,184,18747
U0192,2026-03-23 16:00:00,Unknown,Google_Search,0,0,3982,447,8824
U0192,2026-01-09 21:00:00,LinkedIn,LinkedIn_B2B,0,0,6596,304,19070
U0192,2026-03-20 09:00:00,Facebook,FB_Summer,1,900,5286,387,3184
U0193,2026-01-05 06:00:00,Unknown,FB_Summer,0,0,6257,478,13733
U0194,2026-02-16 07:00:00,Google,Google_Search,0,0,2709,385,17102
U0194,2026-03-01 20:00:00,Google,Google_Search,0,0,4407,470,13093
U0194,2026-03-20 08:00:00,Google,Google_Search,0,0,1638,160,18022
U0194,2026-01-13 23:00:00,Google,Google_Search,1,250,6381,177,19678
U0195,2026-03-23 18:00:00,Google,Google_Search,0,0,1852,135,6911
U0195,2026-02-21 16:00:00,Blog,Content_Marketing,1,600,4629,230,11326
U0196,2026-02-22 20:00:00,LinkedIn,LinkedIn_B2B,0,0,5613,329,8009
U0196,2026-03-12 23:00:00,TikTok,TikTok_Viral,0,0,4252,50,2135
U0196,2026-03-18 00:00:00,LinkedIn,LinkedIn_B2B,0,0,3460,163,8039
U0196,2026-01-03 22:00:00,LinkedIn,LinkedIn_B2B,0,0,5674,342,6069
U0196,2026-01-05 14:00:00,Google,Google_Search,1,400,5769,177,8634
U0197,2026-03-15 12:00:00,Google,Google_Search,0,0,3659,455,16811
U0197,2026-03-04 22:00:00,Facebook,FB_Summer,0,0,6261,203,2224
U0197,2026-02-18 02:00:00,Blog,Content_Marketing,1,250,7694,272,14648
U0198,2026-01-02 20:00:00,Blog,Content_Marketing,1,150,1337,213,18692
U0199,2026-03-06 22:00:00,LinkedIn,LinkedIn_B2B,0,0,4218,278,19849
U0199,2026-01-12 07:00:00,Blog,Content_Marketing,0,0,3753,92,16592
U0199,2026-01-07 17:00:00,Blog,Content_Marketing,0,0,7339,407,5272
U0199,2026-03-03 17:00:00,Facebook,FB_Summer,0,0,5597,365,18178
U0199,2026-02-01 02:00:00,Facebook,FB_Summer,0,0,5718,95,4687
U0200,2026-02-14 06:00:00,Unknown,LinkedIn_B2B,0,0,3497,136,12459
U0200,2026-02-26 19:00:00,Blog,Content_Marketing,0,0,2635,400,13249
U0200,2026-01-11 03:00:00,Facebook,FB_Summer,0,0,2209,494,10426
U0200,2026-02-13 22:00:00,Google,Google_Search,1,600,3718,157,18629
U0201,2026-03-08 08:00:00,Blog,Content_Marketing,0,0,6694,407,1602
U0201,2026-03-16 21:00:00,TikTok,TikTok_Viral,1,150,2644,454,9889
U0202,2026-01-09 12:00:00,Google,Google_Search,1,900,3950,492,4535
U0203,2026-01-30 12:00:00,TikTok,TikTok_Viral,1,250,4970,493,18418
U0204,2026-03-06 14:00:00,Unknown,FB_Summer,0,0,5336,206,11930
U0205,2026-01-03 11:00:00,Facebook,FB_Summer,0,0,5106,191,3031
U0205,2026-02-19 00:00:00,LinkedIn,LinkedIn_B2B,0,0,3799,251,5497
U0205,2026-02-18 16:00:00,Google,Google_Search,0,0,2863,263,8876
U0205,2026-01-20 13:00:00,Blog,Content_Marketing,1,600,5441,117,7775
U0206,2026-02-09 22:00:00,Facebook,FB_Summer,0,0,7308,124,19508
U0206,2026-02-10 02:00:00,Facebook,FB_Summer,1,150,3601,479,5768
U0207,2026-02-22 09:00:00,TikTok,TikTok_Viral,1,400,7048,190,5979
U0208,2026-01-24 00:00:00,Facebook,FB_Summer,0,0,5645,363,8566
U0208,2026-01-30 07:00:00,Blog,Content_Marketing,0,0,4904,118,17460
U0209,2026-01-24 12:00:00,LinkedIn,LinkedIn_B2B,0,0,1264,259,1491
U0209,2026-02-22 07:00:00,LinkedIn,LinkedIn_B2B,0,0,1541,140,15394
U0209,2026-03-04 22:00:00,Blog,Content_Marketing,0,0,4316,447,2370
U0209,2026-02-18 23:00:00,Blog,Content_Marketing,0,0,5864,324,18210
U0209,2026-03-08 03:00:00,Unknown,Google_Search,1,900,3012,315,18624
U0210,2026-02-19 16:00:00,Blog,Content_Marketing,0,0,4600,253,10979
U0210,2026-03-01 05:00:00,LinkedIn,LinkedIn_B2B,0,0,5235,122,16190
U0210,2026-01-12 23:00:00,TikTok,TikTok_Viral,0,0,6702,329,5433
U0210,2026-02-22 10:00:00,TikTok,TikTok_Viral,0,0,6837,153,15899
U0211,2026-03-30 20:00:00,LinkedIn,LinkedIn_B2B,1,250,2012,96,4740
U0212,2026-03-09 22:00:00,Google,Google_Search,0,0,2309,243,19033
U0212,2026-01-06 05:00:00,TikTok,TikTok_Viral,0,0,2229,133,5738
U0212,2026-01-07 13:00:00,Facebook,FB_Summer,0,0,3365,370,6921
,2026-01-17 06:00:00,Unknown,Google_Search,1,400,5076,487,17339
U0213,2026-03-05 07:00:00,Blog,Content_Marketing,0,0,4619,90,1215
U0213,2026-03-12 08:00:00,Facebook,FB_Summer,0,0,1400,144,5858
U0213,2026-03-25 11:00:00,Google,Google_Search,0,0,7865,358,10779
U0213,2026-01-12 01:00:00,LinkedIn,LinkedIn_B2B,0,0,3329,362,19752
U0213,2026-01-23 14:00:00,Unknown,Content_Marketing,0,0,7295,203,11578
U0214,2026-02-24 17:00:00,Google,Google_Search,0,0,3248,218,18270
U0214,2026-03-09 06:00:00,TikTok,TikTok_Viral,0,0,6977,372,18332
U0214,2026-03-03 23:00:00,Google,Google_Search,1,600,3352,268,11370
U0215,2026-03-20 18:00:00,Facebook,FB_Summer,0,0,7618,142,8625
U0215,2026-01-25 00:00:00,LinkedIn,LinkedIn_B2B,0,0,7041,484,7793
U0215,2026-02-23 13:00:00,Blog,Content_Marketing,1,400,2739,55,7592
U0216,2026-02-09 09:00:00,Unknown,Google_Search,0,0,6618,220,12185
U0216,2026-03-14 19:00:00,TikTok,TikTok_Viral,0,0,7830,223,16699
U0216,2026-01-05 20:00:00,TikTok,TikTok_Viral,1,250,5398,221,16154
U0217,2026-02-08 18:00:00,Blog,Content_Marketing,0,0,2706,345,11869
U0217,2026-01-09 04:00:00,LinkedIn,LinkedIn_B2B,0,0,6132,323,6438
U0217,2026-03-19 12:00:00,Blog,Content_Marketing,0,0,3525,411,11305
U0217,2026-02-04 13:00:00,Google,Google_Search,0,0,7794,204,8082
U0218,2026-01-15 11:00:00,Facebook,FB_Summer,0,0,4635,309,1817
U0218,2026-03-06 04:00:00,TikTok,TikTok_Viral,0,0,5289,208,11726
U0218,2026-01-13 16:00:00,Facebook,FB_Summer,0,0,4763,248,18116
U0218,2026-01-01 09:00:00,Google,Google_Search,0,0,1713,220,16298
U0218,2026-01-14 16:00:00,Unknown,Google_Search,1,250,7213,209,7876
U0219,2026-02-06 08:00:00,Facebook,FB_Summer,0,0,3233,126,6160
U0219,2026-01-15 00:00:00,LinkedIn,LinkedIn_B2B,0,0,5444,229,19001
U0219,2026-02-04 04:00:00,LinkedIn,LinkedIn_B2B,1,150,2403,86,11203
U0220,2026-02-26 01:00:00,Blog,Content_Marketing,0,0,1867,246,2762
U0220,2026-02-24 12:00:00,Google,Google_Search,0,0,7849,403,15609
U0220,2026-02-15 09:00:00,Blog,Content_Marketing,0,0,7629,323,3573
U0220,2026-03-14 04:00:00,TikTok,TikTok_Viral,0,0,1796,283,11170
U0220,2026-03-02 07:00:00,TikTok,TikTok_Viral,1,400,3113,236,13847
U0221,2026-02-28 15:00:00,LinkedIn,LinkedIn_B2B,0,0,4778,483,6596
U0221,2026-02-14 19:00:00,LinkedIn,LinkedIn_B2B,1,400,6851,457,4505
U0222,2026-03-10 14:00:00,LinkedIn,LinkedIn_B2B,0,0,5488,131,16806
U0222,2026-01-09 10:00:00,TikTok,TikTok_Viral,0,0,4566,340,12213
U0222,2026-03-30 07:00:00,Blog,Content_Marketing,0,0,6831,343,16945
U0223,2026-03-13 03:00:00,LinkedIn,LinkedIn_B2B,1,900,1570,356,4563
U0224,2026-03-05 20:00:00,LinkedIn,LinkedIn_B2B,0,0,5757,436,1006
U0224,2026-03-26 04:00:00,Facebook,FB_Summer,0,0,4663,150,7739
U0224,2026-02-08 18:00:00,LinkedIn,LinkedIn_B2B,0,0,4561,417,12280
U0224,2026-03-16 00:00:00,Google,Google_Search,0,0,7983,200,3045
,2026-03-12 01:00:00,LinkedIn,LinkedIn_B2B,1,600,1898,490,10247
U0225,2026-03-31 18:00:00,TikTok,TikTok_Viral,1,150,4125,272,18862
U0226,2026-01-18 06:00:00,TikTok,TikTok_Viral,0,0,4417,128,10452
U0226,2026-02-16 15:30:00,Facebook,FB_Summer,0,0,4987,386,15310
U0227,2026-03-24 13:00:00,Facebook,FB_Summer,0,0,4487,369,6891
U0227,2026-03-07 13:00:00,TikTok,TikTok_Viral,0,0,2522,267,1243
U0228,2026-03-06 08:00:00,Facebook,FB_Summer,0,0,1310,340,16835
U0228,2026-01-15 18:00:00,LinkedIn,LinkedIn_B2B,0,0,6990,319,10156
U0228,2026-03-08 02:00:00,TikTok,TikTok_Viral,0,0,6166,429,3558
U0228,2026-03-16 09:00:00,Blog,Content_Marketing,0,0,1088,290,15877
U0228,2026-03-02 18:00:00,Blog,Content_Marketing,1,900,7539,200,10476
U0229,2026-02-08 23:00:00,Blog,Content_Marketing,0,0,5736,136,19771
U0229,2026-03-26 09:00:00,Google,Google_Search,0,0,1675,114,17567
U0230,2026-01-17 19:00:00,Unknown,LinkedIn_B2B,1,250,1913,359,6721
U0231,2026-02-17 05:00:00,TikTok,TikTok_Viral,0,0,7548,320,2084
U0231,2026-01-11 04:00:00,LinkedIn,LinkedIn_B2B,0,0,7166,261,13555
U0231,2026-03-26 14:00:00,Facebook,FB_Summer,0,0,7896,226,2780
U0231,2026-01-15 01:00:00,LinkedIn,LinkedIn_B2B,0,0,7112,435,18449
U0231,2026-02-18 21:00:00,Facebook,FB_Summer,0,0,4561,56,10463
U0232,2026-03-09 21:00:00,LinkedIn,LinkedIn_B2B,0,0,3898,482,15148
U0232,2026-03-25 08:00:00,Blog,Content_Marketing,0,0,6360,349,13817
U0232,2026-03-28 23:00:00,TikTok,TikTok_Viral,0,0,5259,222,6895
U0232,2026-03-12 00:00:00,Unknown,LinkedIn_B2B,1,600,1800,318,4404
U0233,2026-02-06 08:00:00,Facebook,FB_Summer,0,0,5867,386,8104
U0233,2026-03-23 03:00:00,Blog,Content_Marketing,0,0,2064,242,19548
U0233,2026-01-15 22:00:00,Facebook,FB_Summer,0,0,1620,377,15858
U0233,2026-02-24 22:00:00,LinkedIn,LinkedIn_B2B,1,400,2326,449,3424
U0234,2026-02-19 10:00:00,TikTok,TikTok_Viral,0,0,2457,275,3274
U0234,2026-01-26 19:00:00,TikTok,TikTok_Viral,0,0,5428,443,15131
U0234,2026-03-20 20:00:00,Facebook,FB_Summer,0,0,1285,87,3307
U0235,2026-01-03 15:00:00,TikTok,TikTok_Viral,0,0,6444,249,9730
U0235,2026-03-31 10:00:00,Facebook,FB_Summer,0,0,7315,301,16667
U0235,2026-02-21 23:00:00,TikTok,TikTok_Viral,0,0,1027,246,16796
U0235,2026-03-14 17:00:00,Google,Google_Search,0,0,4281,78,3970
U0235,2026-03-10 10:00:00,LinkedIn,LinkedIn_B2B,1,250,6306,153,6787
U0236,2026-03-26 06:00:00,TikTok,TikTok_Viral,0,0,6642,233,16941
U0236,2026-03-22 14:00:00,Google,Google_Search,0,0,6896,353,8814
U0236,2026-02-19 02:00:00,TikTok,TikTok_Viral,0,0,7834,465,15722
U0236,2026-01-05 10:00:00,Unknown,Google_Search,0,0,1968,158,18141
U0236,2026-03-28 17:00:00,TikTok,TikTok_Viral,0,0,1302,426,5639
U0237,2026-03-21 01:00:00,Unknown,TikTok_Viral,0,0,6182,75,11070
U0237,2026-02-28 19:00:00,Google,Google_Search,0,0,1871,108,17290
U0237,2026-03-20 07:00:00,Blog,Content_Marketing,0,0,7847,427,14173
U0237,2026-01-16 21:00:00,LinkedIn,LinkedIn_B2B,0,0,7497,159,2493
U0238,2026-01-09 03:00:00,LinkedIn,LinkedIn_B2B,0,0,4030,333,6406
U0238,2026-02-01 18:00:00,TikTok,TikTok_Viral,0,0,6017,242,6169
,2026-03-04 02:00:00,Google,Google_Search,0,0,6339,353,10297
U0238,2026-03-30 15:00:00,TikTok,TikTok_Viral,0,0,5285,280,14501
U0238,2026-01-23 19:00:00,Facebook,FB_Summer,0,0,6013,95,10869
U0239,2026-03-13 07:00:00,Google,Google_Search,0,0,6070,235,18685
U0239,2026-01-29 14:00:00,Blog,Content_Marketing,0,0,2586,107,5889
U0239,2026-03-05 05:00:00,TikTok,TikTok_Viral,1,600,3983,195,7867
U0240,2026-03-20 14:00:00,LinkedIn,LinkedIn_B2B,0,0,2440,130,1952
U0240,2026-03-07 03:00:00,TikTok,TikTok_Viral,0,0,5749,216,14731
U0240,2026-03-28 10:00:00,Facebook,FB_Summer,0,0,2942,427,14519
U0240,2026-02-18 07:00:00,Facebook,FB_Summer,1,250,4570,124,8083
U0241,2026-02-19 11:00:00,Facebook,FB_Summer,0,0,3209,153,12006
U0241,2026-01-05 22:00:00,Facebook,FB_Summer,0,0,4813,284,14704
U0241,2026-02-13 07:00:00,Facebook,FB_Summer,0,0,6226,363,6568
U0241,2026-03-12 07:00:00,Blog,Content_Marketing,0,0,2773,352,16515
U0241,2026-02-05 00:00:00,TikTok,TikTok_Viral,1,900,3681,272,19987
U0242,2026-01-01 13:00:00,Blog,Content_Marketing,0,0,7296,308,2101
U0242,2026-03-09 12:00:00,TikTok,TikTok_Viral,0,0,4706,303,8881
U0243,2026-01-28 04:00:00,TikTok,TikTok_Viral,0,0,1130,295,10988
U0244,2026-03-16 00:00:00,Blog,Content_Marketing,0,0,6760,257,7060
U0244,2026-02-16 15:30:00,LinkedIn,LinkedIn_B2B,1,900,4152,403,11908
U0245,2026-02-24 08:00:00,LinkedIn,LinkedIn_B2B,0,0,2696,453,3652
U0245,2026-02-12 23:00:00,Blog,Content_Marketing,0,0,3981,76,4636
U0245,2026-02-16 14:00:00,TikTok,TikTok_Viral,0,0,5577,410,3195
U0245,2026-04-01 06:00:00,Blog,Content_Marketing,0,0,6316,294,7874
U0245,2026-02-11 11:00:00,Facebook,FB_Summer,0,0,1446,82,13216
U0246,2026-03-06 16:00:00,TikTok,TikTok_Viral,0,0,7761,322,10576
U0246,2026-03-21 11:00:00,TikTok,TikTok_Viral,0,0,1537,146,16003
U0246,2026-01-11 12:00:00,Google,Google_Search,1,900,1895,134,10042
U0247,2026-01-20 06:00:00,TikTok,TikTok_Viral,0,0,6590,327,5326
U0248,2026-02-26 23:00:00,TikTok,TikTok_Viral,0,0,7569,168,18026
U0248,2026-02-22 18:00:00,LinkedIn,LinkedIn_B2B,0,0,5860,390,18372
U0248,2026-02-26 14:00:00,Blog,Content_Marketing,0,0,2406,454,9519
U0248,2026-03-03 11:00:00,Unknown,FB_Summer,1,400,3892,195,15939
U0249,2026-02-06 05:00:00,Blog,Content_Marketing,0,0,6458,456,6029
U0249,2026-01-31 03:00:00,Facebook,FB_Summer,0,0,3133,239,7045
U0250,2026-02-14 04:00:00,LinkedIn,LinkedIn_B2B,0,0,3470,112,1816
U0250,2026-03-05 04:00:00,TikTok,TikTok_Viral,0,0,7049,329,17626
U0251,2026-02-07 18:00:00,TikTok,TikTok_Viral,0,0,4621,223,4680
U0251,2026-01-06 04:00:00,Unknown,TikTok_Viral,0,0,6058,480,8220
U0251,2026-02-15 02:00:00,TikTok,TikTok_Viral,1,250,5312,163,10107
U0252,2026-03-10 14:00:00,Google,Google_Search,0,0,4231,149,17071
U0252,2026-03-19 19:00:00,LinkedIn,LinkedIn_B2B,0,0,4256,125,15012
U0253,2026-01-02 09:00:00,LinkedIn,LinkedIn_B2B,0,0,5595,94,8067
U0253,2026-02-23 14:00:00,TikTok,TikTok_Viral,0,0,4472,423,14572
U0253,2026-03-17 19:00:00,Facebook,FB_Summer,1,600,5303,221,3166
U0254,2026-01-01 13:00:00,Google,Google_Search,0,0,4785,413,19609
U0254,2026-01-26 05:00:00,Facebook,FB_Summer,0,0,7740,473,10895
U0254,2026-02-08 15:00:00,Unknown,Content_Marketing,0,0,1020,128,9607
U0254,2026-03-23 20:00:00,LinkedIn,LinkedIn_B2B,0,0,4417,141,17118
U0254,2026-01-04 03:00:00,Facebook,FB_Summer,1,600,5906,431,12854
U0255,2026-02-25 08:00:00,Blog,Content_Marketing,0,0,1979,241,17794
U0255,2026-01-03 08:00:00,Blog,Content_Marketing,0,0,6679,119,12710
U0255,2026-01-07 08:00:00,Facebook,FB_Summer,0,0,1399,198,10557
U0255,2026-03-23 02:00:00,Blog,Content_Marketing,0,0,1774,356,6476
U0255,2026-02-11 10:00:00,Blog,Content_Marketing,1,900,6615,407,12879
U0256,2026-01-02 04:00:00,Facebook,FB_Summer,1,400,3787,133,4356
U0257,2026-01-29 06:00:00,Blog,Content_Marketing,0,0,5306,483,18435
U0257,2026-03-31 03:00:00,Blog,Content_Marketing,0,0,2075,58,16712
U0258,2026-01-18 14:00:00,LinkedIn,LinkedIn_B2B,0,0,3802,138,10983
U0258,2026-01-16 07:00:00,Google,Google_Search,0,0,3518,114,7876
U0258,2026-01-11 13:00:00,Facebook,FB_Summer,1,250,7346,297,15131
U0259,2026-01-05 21:00:00,Google,Google_Search,1,150,3072,72,3170
U0260,2026-01-16 19:00:00,Google,Google_Search,0,0,3879,64,3974
U0260,2026-02-05 18:00:00,Facebook,FB_Summer,0,0,6968,363,8924
U0260,2026-03-14 02:00:00,Unknown,Content_Marketing,0,0,2777,416,7276
U0261,2026-01-01 23:00:00,Blog,Content_Marketing,0,0,6797,293,13008
U0261,2026-01-24 14:00:00,Blog,Content_Marketing,0,0,4109,267,8021
U0261,2026-01-30 13:00:00,Blog,Content_Marketing,0,0,1903,316,5453
U0262,2026-03-13 23:00:00,LinkedIn,LinkedIn_B2B,0,0,3323,283,11223
U0262,2026-01-29 17:00:00,TikTok,TikTok_Viral,0,0,1570,480,16586
U0262,2026-01-23 00:00:00,LinkedIn,LinkedIn_B2B,0,0,4588,317,3785
U0262,2026-01-19 12:00:00,Google,Google_Search,1,400,2382,83,12918
U0263,2026-03-18 12:00:00,Facebook,FB_Summer,0,0,3281,441,9944
U0263,2026-02-15 15:00:00,TikTok,TikTok_Viral,1,400,5189,192,5829
U0264,2026-02-02 15:00:00,Google,Google_Search,0,0,1815,427,2731
U0264,2026-03-05 21:00:00,Google,Google_Search,0,0,3678,128,10920
U0264,2026-03-21 03:00:00,Blog,Content_Marketing,0,0,5032,455,16270
U0264,2026-02-07 21:00:00,Facebook,FB_Summer,0,0,7631,490,18712
U0265,2026-02-25 03:00:00,Google,Google_Search,0,0,4765,68,2076
U0265,2026-03-13 21:00:00,Facebook,FB_Summer,0,0,5026,270,5406
U0265,2026-02-19 15:00:00,LinkedIn,LinkedIn_B2B,0,0,5536,400,18674
U0265,2026-03-02 15:00:00,Blog,Content_Marketing,0,0,3157,303,13379
U0265,2026-03-28 11:00:00,Blog,Content_Marketing,0,0,5837,73,5200
U0266,2026-01-04 20:00:00,Blog,Content_Marketing,0,0,3927,260,12510
U0266,2026-03-26 07:00:00,Google,Google_Search,0,0,6636,83,10991
,2026-02-13 05:00:00,Google,Google_Search,1,400,4460,340,17867
U0267,2026-03-31 15:00:00,Google,Google_Search,0,0,4197,215,19760
U0267,2026-03-04 03:00:00,Google,Google_Search,0,0,7647,441,12126
U0267,2026-03-20 09:00:00,Facebook,FB_Summer,0,0,7941,453,3468
U0267,2026-01-28 09:00:00,Blog,Content_Marketing,1,250,7591,165,4013
U0268,2026-02-13 08:00:00,Blog,Content_Marketing,0,0,2718,227,3512
U0268,2026-03-06 09:00:00,LinkedIn,LinkedIn_B2B,0,0,4295,178,17887
U0268,2026-02-16 15:30:00,TikTok,TikTok_Viral,0,0,2528,345,17357
U0268,2026-03-26 23:00:00,Facebook,FB_Summer,0,0,7626,364,15212
U0268,2026-03-22 01:00:00,Blog,Content_Marketing,0,0,2232,432,10839
U0269,2026-01-09 20:00:00,LinkedIn,LinkedIn_B2B,0,0,6292,132,9403
U0269,2026-01-31 12:00:00,Unknown,Content_Marketing,0,0,7529,473,11175
U0269,2026-03-04 17:00:00,TikTok,TikTok_Viral,0,0,2654,131,9936
U0269,2026-01-04 08:00:00,Facebook,FB_Summer,1,600,6278,486,2383
U0270,2026-01-11 10:00:00,Google,Google_Search,0,0,4334,236,3959
U0270,2026-01-18 07:00:00,TikTok,TikTok_Viral,0,0,5275,390,18211
U0270,2026-03-05 02:00:00,LinkedIn,LinkedIn_B2B,0,0,3697,476,13777
U0270,2026-02-24 06:00:00,Facebook,FB_Summer,0,0,4600,259,9333
U0271,2026-03-10 11:00:00,TikTok,TikTok_Viral,0,0,4890,399,9072
U0271,2026-01-19 11:00:00,LinkedIn,LinkedIn_B2B,0,0,6287,360,2140
U0271,2026-03-30 21:00:00,Google,Google_Search,0,0,6739,235,4999
U0271,2026-01-31 14:00:00,Blog,Content_Marketing,0,0,3093,204,3957
U0271,2026-02-08 06:00:00,Facebook,FB_Summer,0,0,3598,500,14313
U0272,2026-03-04 15:00:00,Google,Google_Search,1,250,4460,498,4289
U0273,2026-01-09 11:00:00,Blog,Content_Marketing,0,0,3676,282,1896
U0273,2026-03-24 20:00:00,Google,Google_Search,1,250,1025,255,7556
U0274,2026-01-11 03:00:00,Blog,Content_Marketing,0,0,7804,382,5262
U0274,2026-03-29 13:00:00,Blog,Content_Marketing,0,0,7022,118,9541
U0274,2026-03-29 18:00:00,Facebook,FB_Summer,1,400,4395,238,6960
U0275,2026-01-29 00:00:00,Blog,Content_Marketing,0,0,6133,167,3915
U0275,2026-01-26 08:00:00,TikTok,TikTok_Viral,0,0,4513,357,9524
U0275,2026-01-12 11:00:00,Unknown,FB_Summer,0,0,5307,272,15867
U0275,2026-01-16 07:00:00,TikTok,TikTok_Viral,1,600,7407,186,10435
U0276,2026-02-25 06:00:00,Facebook,FB_Summer,0,0,6547,146,14707
U0276,2026-02-22 04:00:00,Facebook,FB_Summer,0,0,4694,177,13112
U0276,2026-02-16 15:30:00,Blog,Content_Marketing,0,0,3648,404,14027
U0276,2026-02-19 22:00:00,Facebook,FB_Summer,1,600,5562,80,2707
U0277,2026-02-15 19:00:00,TikTok,TikTok_Viral,0,0,7129,464,2491
U0277,2026-02-02 16:00:00,Google,Google_Search,0,0,4038,117,19335
U0277,2026-03-16 05:00:00,Google,Google_Search,1,150,4834,117,3937
U0278,2026-02-03 03:00:00,Facebook,FB_Summer,0,0,7838,193,12815
U0278,2026-02-06 08:00:00,TikTok,TikTok_Viral,0,0,3564,273,6406
U0278,2026-03-04 04:00:00,LinkedIn,LinkedIn_B2B,1,600,4604,77,7190
U0279,2026-01-24 01:00:00,Facebook,FB_Summer,0,0,1950,303,2336
U0279,2026-02-15 22:00:00,TikTok,TikTok_Viral,0,0,6896,493,5851
U0280,2026-01-27 09:00:00,Google,Google_Search,1,400,3234,338,7959
U0281,2026-03-15 05:00:00,Blog,Content_Marketing,0,0,6545,98,11769
U0281,2026-02-06 21:00:00,Google,Google_Search,0,0,1868,478,11601
U0281,2026-01-04 02:00:00,Facebook,FB_Summer,0,0,6147,187,1190
U0281,2026-01-06 20:00:00,LinkedIn,LinkedIn_B2B,0,0,7015,458,19650
U0281,2026-01-28 01:00:00,Facebook,FB_Summer,0,0,7093,86,18929
U0282,2026-02-21 08:00:00,Google,Google_Search,0,0,1730,60,7823
U0282,2026-02-19 12:00:00,Facebook,FB_Summer,0,0,1987,202,17084
U0282,2026-02-09 21:00:00,TikTok,TikTok_Viral,0,0,4010,312,7549
U0282,2026-02-27 12:00:00,TikTok,TikTok_Viral,0,0,7197,266,13066
U0282,2026-01-24 13:00:00,Blog,Content_Marketing,1,600,4797,396,8347
U0283,2026-03-22 20:00:00,Blog,Content_Marketing,0,0,7566,294,10843
U0283,2026-01-17 21:00:00,Facebook,FB_Summer,1,900,3420,341,2563
U0284,2026-03-07 03:00:00,Google,Google_Search,0,0,6900,341,9302
U0284,2026-02-02 18:00:00,LinkedIn,LinkedIn_B2B,0,0,6419,286,6883
U0284,2026-02-20 01:00:00,Facebook,FB_Summer,0,0,5810,420,15909
U0284,2026-03-21 08:00:00,TikTok,TikTok_Viral,0,0,2729,144,3563
U0284,2026-02-03 21:00:00,Unknown,Content_Marketing,0,0,1955,56,6627
U0285,2026-03-26 23:00:00,TikTok,TikTok_Viral,0,0,6052,234,13943
U0285,2026-01-12 04:00:00,LinkedIn,LinkedIn_B2B,0,0,6701,146,1878
U0285,2026-03-03 20:00:00,Facebook,FB_Summer,0,0,7471,325,7255
U0285,2026-02-08 14:00:00,Google,Google_Search,1,900,2248,428,15590
U0286,2026-02-27 18:00:00,Google,Google_Search,0,0,4209,76,11939
U0286,2026-01-14 20:00:00,Google,Google_Search,0,0,5060,427,19961
U0286,2026-03-12 09:00:00,Blog,Content_Marketing,0,0,6936,363,16987
,2026-01-08 16:00:00,Facebook,FB_Summer,1,900,3194,381,14668
U0287,2026-03-21 20:00:00,Unknown,TikTok_Viral,0,0,3359,421,7298
U0287,2026-02-14 14:00:00,TikTok,TikTok_Viral,0,0,3778,358,16350
U0287,2026-02-07 23:00:00,Facebook,FB_Summer,0,0,6514,384,12804
U0287,2026-01-21 19:00:00,TikTok,TikTok_Viral,0,0,4955,116,6678
U0288,2026-03-04 03:00:00,Blog,Content_Marketing,0,0,2922,157,19246
U0288,2026-01-03 11:00:00,Google,Google_Search,0,0,7782,490,17497
U0289,2026-02-25 03:00:00,LinkedIn,LinkedIn_B2B,0,0,3112,224,12640
U0290,2026-03-30 16:00:00,Facebook,FB_Summer,1,250,4586,459,15979
U0291,2026-03-20 03:00:00,Blog,Content_Marketing,0,0,6160,110,7730
U0292,2026-04-01 14:00:00,LinkedIn,LinkedIn_B2B,0,0,2263,381,12918
U0292,2026-01-18 03:00:00,LinkedIn,LinkedIn_B2B,0,0,7299,53,9038
U0292,2026-02-13 09:00:00,TikTok,TikTok_Viral,0,0,7183,262,12817
U0293,2026-02-23 07:00:00,Blog,Content_Marketing,0,0,4758,486,17913
U0293,2026-02-16 15:30:00,LinkedIn,LinkedIn_B2B,0,0,1570,93,12085
U0294,2026-02-25 01:00:00,Facebook,FB_Summer,0,0,2236,344,2894
U0294,2026-02-07 13:00:00,Blog,Content_Marketing,0,0,3493,419,11279
U0294,2026-01-02 08:00:00,LinkedIn,LinkedIn_B2B,1,600,4309,278,7721
U0295,2026-03-25 12:00:00,LinkedIn,LinkedIn_B2B,0,0,5402,221,13779
U0295,2026-03-08 17:00:00,Facebook,FB_Summer,0,0,5270,224,6243
U0295,2026-01-04 17:00:00,Google,Google_Search,0,0,6951,266,17556
U0295,2026-01-08 11:00:00,Google,Google_Search,0,0,7197,383,5087
U0295,2026-02-08 18:00:00,TikTok,TikTok_Viral,1,900,7597,431,19533
U0296,2026-02-08 09:00:00,LinkedIn,LinkedIn_B2B,0,0,2146,415,13375
U0296,2026-02-01 03:00:00,Blog,Content_Marketing,0,0,3959,282,4210
U0296,2026-02-24 13:00:00,Facebook,FB_Summer,0,0,4901,159,15619
U0296,2026-02-17 21:00:00,Google,Google_Search,0,0,4234,496,9640
U0296,2026-03-05 20:00:00,Blog,Content_Marketing,1,150,5010,424,14661
U0297,2026-01-17 15:00:00,Blog,Content_Marketing,0,0,5334,110,7967
U0297,2026-03-02 01:00:00,TikTok,TikTok_Viral,0,0,1972,358,14389
U0298,2026-03-15 09:00:00,LinkedIn,LinkedIn_B2B,0,0,4067,205,10633
U0299,2026-01-19 18:00:00,Facebook,FB_Summer,0,0,3322,160,6999
U0299,2026-01-01 03:00:00,Unknown,TikTok_Viral,0,0,4941,343,11148
U0299,2026-02-27 10:00:00,Blog,Content_Marketing,0,0,5961,117,5539
U0299,2026-03-23 14:00:00,Blog,Content_Marketing,0,0,6962,216,3926
U0300,2026-01-30 12:00:00,TikTok,TikTok_Viral,0,0,4629,426,10089
U0300,2026-01-22 22:00:00,Google,Google_Search,0,0,3530,337,5056
U0300,2026-01-11 06:00:00,Blog,Content_Marketing,0,0,5671,317,7206
U0300,2026-03-06 00:00:00,TikTok,TikTok_Viral,0,0,1155,190,7743
U0300,2026-04-01 18:00:00,Facebook,FB_Summer,1,600,4291,351,2474
U0301,2026-02-25 05:00:00,LinkedIn,LinkedIn_B2B,0,0,3106,96,4756
U0301,2026-03-11 05:00:00,Google,Google_Search,0,0,2263,207,14345
U0301,2026-01-08 19:00:00,Facebook,FB_Summer,0,0,3441,249,4235
U0301,2026-01-19 13:00:00,LinkedIn,LinkedIn_B2B,0,0,1990,76,7637
U0302,2026-03-07 16:00:00,TikTok,TikTok_Viral,0,0,4807,333,14339
U0302,2026-03-03 00:00:00,Google,Google_Search,1,150,3204,333,4326
U0303,2026-03-14 13:00:00,LinkedIn,LinkedIn_B2B,0,0,7413,122,13232
U0303,2026-01-22 07:00:00,Blog,Content_Marketing,0,0,4700,71,1032
U0304,2026-01-01 01:00:00,Facebook,FB_Summer,0,0,7877,398,13456
U0304,2026-03-22 06:00:00,Unknown,LinkedIn_B2B,0,0,7055,323,19451
U0304,2026-02-08 02:00:00,Google,Google_Search,0,0,5558,193,15154
U0304,2026-03-20 16:00:00,Facebook,FB_Summer,1,250,3806,375,9564
U0305,2026-03-26 10:00:00,Facebook,FB_Summer,0,0,1130,404,5381
,2026-02-16 15:30:00,Google,Google_Search,0,0,5553,406,17022
U0305,2026-03-10 02:00:00,TikTok,TikTok_Viral,0,0,1253,476,15587
U0305,2026-02-15 12:00:00,Google,Google_Search,1,250,7291,465,1276
,2026-01-25 14:00:00,LinkedIn,LinkedIn_B2B,1,900,6575,413,12725
U0307,2026-03-22 09:00:00,Blog,Content_Marketing,0,0,3973,68,10199
U0307,2026-02-16 15:30:00,TikTok,TikTok_Viral,0,0,6230,252,4635
U0308,2026-03-12 06:00:00,Facebook,FB_Summer,0,0,5629,139,3141
U0308,2026-01-17 23:00:00,Blog,Content_Marketing,0,0,2867,317,9989
U0308,2026-03-28 00:00:00,Facebook,FB_Summer,1,900,3071,398,19353
U0309,2026-03-24 21:00:00,TikTok,TikTok_Viral,0,0,4543,482,14332
U0309,2026-01-16 21:00:00,LinkedIn,LinkedIn_B2B,0,0,1356,419,8357
U0309,2026-02-05 13:00:00,Google,Google_Search,0,0,3741,91,19737
U0309,2026-01-29 22:00:00,Google,Google_Search,0,0,2347,218,11184
U0310,2026-03-03 13:00:00,Google,Google_Search,0,0,3738,480,9205
U0311,2026-01-31 10:00:00,TikTok,TikTok_Viral,0,0,2939,87,15369
U0311,2026-03-22 14:00:00,Google,Google_Search,0,0,1273,243,11265
U0312,2026-02-26 01:00:00,Google,Google_Search,0,0,6550,78,19325
U0313,2026-02-21 03:00:00,TikTok,TikTok_Viral,1,250,7450,387,1347
U0314,2026-02-24 19:00:00,TikTok,TikTok_Viral,0,0,7413,63,15879
U0314,2026-02-12 18:00:00,Blog,Content_Marketing,0,0,1553,353,7344
U0314,2026-01-17 20:00:00,Blog,Content_Marketing,0,0,6086,277,7092
U0314,2026-01-18 01:00:00,Facebook,FB_Summer,1,600,6338,436,12722
U0315,2026-03-02 09:00:00,Facebook,FB_Summer,0,0,5240,350,5738
U0315,2026-01-31 16:00:00,Google,Google_Search,0,0,3816,150,7565
U0315,2026-01-09 10:00:00,Facebook,FB_Summer,0,0,4828,357,11850
U0316,2026-02-08 13:00:00,Blog,Content_Marketing,0,0,1345,303,8189
U0316,2026-03-23 07:00:00,Google,Google_Search,0,0,4938,426,11863
U0316,2026-01-27 12:00:00,TikTok,TikTok_Viral,0,0,1604,233,1983
U0316,2026-01-15 04:00:00,Blog,Content_Marketing,0,0,7271,234,2438
U0316,2026-01-26 06:00:00,Google,Google_Search,1,400,2427,223,19170
U0317,2026-01-03 05:00:00,Unknown,FB_Summer,0,0,6549,120,13416
U0317,2026-02-13 06:00:00,Google,Google_Search,0,0,6414,137,18266
U0318,2026-01-16 04:00:00,Google,Google_Search,0,0,5362,243,13263
U0318,2026-03-18 13:00:00,Unknown,LinkedIn_B2B,0,0,6046,350,7196
U0318,2026-02-07 04:00:00,Blog,Content_Marketing,0,0,2035,485,17654
U0318,2026-03-04 06:00:00,Blog,Content_Marketing,0,0,6037,83,6486
U0318,2026-02-19 20:00:00,Blog,Content_Marketing,1,600,2466,214,13251
U0319,2026-03-02 08:00:00,TikTok,TikTok_Viral,0,0,6322,68,7789
U0319,2026-01-26 14:00:00,Facebook,FB_Summer,0,0,4089,342,6151
U0319,2026-02-02 17:00:00,LinkedIn,LinkedIn_B2B,0,0,5250,230,8542
U0319,2026-01-06 14:00:00,Blog,Content_Marketing,0,0,4543,259,13042
U0319,2026-02-10 08:00:00,TikTok,TikTok_Viral,1,900,6286,88,12766
U0320,2026-03-07 17:00:00,Blog,Content_Marketing,1,250,1806,110,3337
U0321,2026-01-26 10:00:00,Blog,Content_Marketing,0,0,7681,443,9993
U0321,2026-04-01 19:00:00,Facebook,FB_Summer,0,0,7060,328,9556
U0321,2026-02-08 09:00:00,Google,Google_Search,0,0,4323,470,1389
U0322,2026-01-30 07:00:00,TikTok,TikTok_Viral,0,0,5808,452,19108
U0322,2026-03-01 10:00:00,TikTok,TikTok_Viral,0,0,7308,407,14686
U0322,2026-02-26 14:00:00,Facebook,FB_Summer,0,0,2051,206,1317
U0322,2026-03-26 11:00:00,TikTok,TikTok_Viral,0,0,4304,440,18616
U0323,2026-01-03 18:00:00,Blog,Content_Marketing,0,0,3705,340,19804
U0323,2026-02-18 06:00:00,TikTok,TikTok_Viral,0,0,4889,105,11775
U0323,2026-02-27 20:00:00,Blog,Content_Marketing,1,400,5529,140,2050
U0324,2026-01-24 06:00:00,Google,Google_Search,0,0,2909,199,18183
U0324,2026-02-16 15:30:00,Google,Google_Search,0,0,4365,250,6145
U0324,2026-01-17 17:00:00,Google,Google_Search,0,0,2691,116,7739
U0324,2026-02-25 22:00:00,LinkedIn,LinkedIn_B2B,0,0,3542,350,7651
U0324,2026-02-16 15:30:00,Blog,Content_Marketing,1,900,1524,472,14082
U0325,2026-02-12 18:00:00,Blog,Content_Marketing,0,0,7039,96,10434
U0325,2026-02-14 22:00:00,TikTok,TikTok_Viral,0,0,7745,464,6738
U0325,2026-02-01 05:00:00,TikTok,TikTok_Viral,0,0,6399,143,19632
U0325,2026-02-20 22:00:00,Google,Google_Search,0,0,3242,371,18620
U0325,2026-03-27 02:00:00,LinkedIn,LinkedIn_B2B,1,150,5042,260,19114
U0326,2026-01-14 16:00:00,Google,Google_Search,1,400,3070,156,17582
U0327,2026-01-10 20:00:00,Google,Google_Search,1,900,7110,254,7370
U0328,2026-02-02 03:00:00,Google,Google_Search,0,0,4803,298,16117
U0328,2026-01-11 17:00:00,Google,Google_Search,0,0,4856,470,10146
U0328,2026-01-22 00:00:00,Facebook,FB_Summer,0,0,7073,250,6519
U0328,2026-03-27 00:00:00,Google,Google_Search,0,0,2774,415,2128
U0329,2026-03-31 01:00:00,TikTok,TikTok_Viral,0,0,6868,387,4368
U0329,2026-03-30 09:00:00,Unknown,TikTok_Viral,0,0,4091,442,7610
U0329,2026-02-16 15:30:00,Unknown,FB_Summer,0,0,1119,222,7296
U0329,2026-01-29 03:00:00,Google,Google_Search,0,0,2368,72,14621
U0329,2026-01-14 10:00:00,Blog,Content_Marketing,1,150,5437,252,15020
U0330,2026-02-16 15:30:00,Facebook,FB_Summer,1,150,1098,249,7971
U0331,2026-03-26 08:00:00,Google,Google_Search,0,0,2790,260,10880
U0331,2026-03-05 03:00:00,Blog,Content_Marketing,0,0,5662,137,9255
U0331,2026-03-18 10:00:00,Google,Google_Search,0,0,7319,405,5355
U0331,2026-01-23 20:00:00,LinkedIn,LinkedIn_B2B,1,150,6458,296,3212
U0332,2026-03-16 14:00:00,Blog,Content_Marketing,0,0,5812,410,1435
U0332,2026-01-03 19:00:00,Facebook,FB_Summer,0,0,4510,437,8980
U0332,2026-01-11 01:00:00,Blog,Content_Marketing,0,0,4078,154,2242
U0333,2026-01-18 08:00:00,Unknown,LinkedIn_B2B,0,0,7486,262,10452
U0333,2026-01-30 23:00:00,Google,Google_Search,1,900,6447,177,8289
U0334,2026-02-16 15:30:00,Blog,Content_Marketing,0,0,1573,148,2707
U0334,2026-01-27 04:00:00,Facebook,FB_Summer,0,0,2674,170,17627
U0334,2026-02-24 23:00:00,Google,Google_Search,0,0,4473,140,9158
U0334,2026-02-06 18:00:00,LinkedIn,LinkedIn_B2B,0,0,7400,296,3621
U0334,2026-02-20 12:00:00,LinkedIn,LinkedIn_B2B,1,600,7020,271,6107
U0335,2026-02-24 02:00:00,TikTok,TikTok_Viral,0,0,2251,333,6757
U0335,2026-02-18 14:00:00,LinkedIn,LinkedIn_B2B,0,0,4939,86,11919
U0335,2026-03-02 06:00:00,Unknown,FB_Summer,0,0,5101,423,13263
U0335,2026-02-21 13:00:00,TikTok,TikTok_Viral,0,0,5010,207,3334
U0336,2026-02-19 18:00:00,Google,Google_Search,0,0,7318,434,12422
U0336,2026-04-01 15:00:00,Blog,Content_Marketing,0,0,4156,267,9086
U0336,2026-03-03 01:00:00,Facebook,FB_Summer,0,0,1231,407,5845
U0336,2026-03-19 14:00:00,LinkedIn,LinkedIn_B2B,0,0,5737,389,6289
U0337,2026-03-24 22:00:00,Google,Google_Search,0,0,1658,315,7187
U0338,2026-02-02 22:00:00,TikTok,TikTok_Viral,0,0,4135,350,11091
U0338,2026-01-12 03:00:00,TikTok,TikTok_Viral,0,0,2169,187,7865
,2026-03-31 09:00:00,TikTok,TikTok_Viral,0,0,1793,85,14691
U0338,2026-02-23 20:00:00,Blog,Content_Marketing,0,0,2526,410,5401
U0339,2026-03-06 03:00:00,Facebook,FB_Summer,0,0,1483,433,6987
U0339,2026-02-03 13:00:00,Facebook,FB_Summer,1,900,6213,135,3615
U0340,2026-01-16 08:00:00,TikTok,TikTok_Viral,0,0,4974,394,4303
U0340,2026-02-16 15:30:00,Google,Google_Search,0,0,1342,99,7916
U0340,2026-01-01 12:00:00,Blog,Content_Marketing,0,0,4980,292,12043
U0341,2026-02-17 21:00:00,LinkedIn,LinkedIn_B2B,0,0,3959,390,14057
U0341,2026-03-20 01:00:00,TikTok,TikTok_Viral,0,0,1025,283,14166
U0341,2026-01-04 19:00:00,Facebook,FB_Summer,0,0,7155,467,9144
U0341,2026-02-27 19:00:00,LinkedIn,LinkedIn_B2B,0,0,6408,146,1102
U0341,2026-01-03 20:00:00,LinkedIn,LinkedIn_B2B,1,600,3666,397,15559
U0342,2026-03-20 02:00:00,TikTok,TikTok_Viral,0,0,4900,387,4291
U0342,2026-02-07 19:00:00,TikTok,TikTok_Viral,1,900,5684,451,17535
U0343,2026-01-12 09:00:00,TikTok,TikTok_Viral,0,0,4824,136,15623
U0344,2026-01-31 07:00:00,Blog,Content_Marketing,1,900,1732,104,15250
U0345,2026-02-19 08:00:00,LinkedIn,LinkedIn_B2B,0,0,6493,113,5448
U0346,2026-03-30 10:00:00,Google,Google_Search,0,0,5920,83,12246
U0346,2026-02-18 20:00:00,TikTok,TikTok_Viral,0,0,7622,169,8325
U0346,2026-01-15 09:00:00,LinkedIn,LinkedIn_B2B,0,0,2541,431,4804
U0346,2026-02-17 04:00:00,Blog,Content_Marketing,0,0,1013,209,3027
U0346,2026-03-10 06:00:00,Blog,Content_Marketing,1,900,3990,458,5138
U0347,2026-02-20 00:00:00,Google,Google_Search,0,0,3431,478,8173
U0347,2026-03-29 14:00:00,TikTok,TikTok_Viral,0,0,7956,460,2125
U0347,2026-02-10 09:00:00,Blog,Content_Marketing,0,0,7944,411,19807
U0347,2026-03-22 06:00:00,TikTok,TikTok_Viral,0,0,7637,220,6003
U0347,2026-01-29 22:00:00,Facebook,FB_Summer,1,150,4993,422,13838
U0348,2026-03-12 12:00:00,Google,Google_Search,0,0,7207,250,13814
U0348,2026-03-09 23:00:00,Google,Google_Search,0,0,5489,251,4188
U0348,2026-02-11 18:00:00,Facebook,FB_Summer,0,0,3490,284,6363
U0349,2026-03-31 15:00:00,TikTok,TikTok_Viral,0,0,7130,150,1299
U0349,2026-03-15 03:00:00,LinkedIn,LinkedIn_B2B,0,0,4498,397,6512
U0349,2026-01-13 11:00:00,Google,Google_Search,0,0,5222,382,12091
U0349,2026-02-25 04:00:00,Unknown,Content_Marketing,0,0,2973,253,17011
U0349,2026-03-30 19:00:00,LinkedIn,LinkedIn_B2B,0,0,6667,457,3936
U0350,2026-02-16 15:30:00,LinkedIn,LinkedIn_B2B,0,0,1999,300,17703
U0350,2026-01-03 18:00:00,Facebook,FB_Summer,0,0,7105,98,6934
U0350,2026-03-03 20:00:00,TikTok,TikTok_Viral,0,0,3664,82,18613
,2026-02-21 22:00:00,Facebook,FB_Summer,1,600,7653,321,17009
U0351,2026-03-26 03:00:00,Facebook,FB_Summer,0,0,5544,278,11298
U0352,2026-03-15 06:00:00,Facebook,FB_Summer,0,0,7169,67,3772
U0353,2026-03-11 05:00:00,Unknown,LinkedIn_B2B,1,250,3462,73,18021
U0354,2026-03-15 15:00:00,Facebook,FB_Summer,0,0,3884,360,18636
U0354,2026-01-27 22:00:00,Blog,Content_Marketing,0,0,2540,122,10820
U0354,2026-01-18 19:00:00,Facebook,FB_Summer,1,900,6972,368,14828
U0355,2026-02-18 20:00:00,LinkedIn,LinkedIn_B2B,1,250,3082,396,14937
U0356,2026-03-22 23:00:00,Google,Google_Search,0,0,6852,240,19469
U0356,2026-03-19 05:00:00,Blog,Content_Marketing,1,150,4552,244,1849
U0357,2026-02-04 03:00:00,Google,Google_Search,0,0,3698,377,3915
U0357,2026-02-12 08:00:00,LinkedIn,LinkedIn_B2B,0,0,1802,243,8281
U0357,2026-01-14 03:00:00,TikTok,TikTok_Viral,0,0,7728,463,17043
U0357,2026-03-09 11:00:00,Google,Google_Search,0,0,5976,100,2571
U0357,2026-02-10 12:00:00,Facebook,FB_Summer,1,150,7461,322,19077
U0358,2026-03-17 04:00:00,TikTok,TikTok_Viral,0,0,6386,114,5675
U0358,2026-03-14 23:00:00,TikTok,TikTok_Viral,0,0,4032,412,9162
U0358,2026-02-23 22:00:00,Blog,Content_Marketing,0,0,4839,307,10398
U0358,2026-02-24 16:00:00,LinkedIn,LinkedIn_B2B,0,0,3500,375,3848
U0358,2026-02-22 10:00:00,LinkedIn,LinkedIn_B2B,1,600,2966,97,6410
U0359,2026-02-06 17:00:00,Unknown,Google_Search,0,0,4473,396,17668
U0359,2026-03-03 15:00:00,Facebook,FB_Summer,0,0,6717,113,14286
U0359,2026-03-20 06:00:00,Google,Google_Search,0,0,6755,323,12306
U0359,2026-03-26 16:00:00,Facebook,FB_Summer,0,0,2380,395,18154
U0359,2026-01-23 02:00:00,Facebook,FB_Summer,0,0,1417,266,17236
U0360,2026-01-15 10:00:00,LinkedIn,LinkedIn_B2B,0,0,7278,489,4862
U0360,2026-02-08 15:00:00,LinkedIn,LinkedIn_B2B,0,0,5659,251,8125
U0360,2026-03-24 16:00:00,LinkedIn,LinkedIn_B2B,0,0,6060,484,16999
U0360,2026-02-15 00:00:00,Google,Google_Search,0,0,1042,229,7100
U0361,2026-01-13 13:00:00,Google,Google_Search,0,0,2259,260,5058
U0361,2026-01-01 04:00:00,TikTok,TikTok_Viral,0,0,4066,203,12943
U0361,2026-01-24 17:00:00,TikTok,TikTok_Viral,0,0,7876,274,6302
U0361,2026-02-15 23:00:00,Facebook,FB_Summer,1,400,2625,106,7211
U0362,2026-02-20 13:00:00,Facebook,FB_Summer,0,0,2630,295,9709
U0362,2026-02-23 15:00:00,Google,Google_Search,0,0,3661,434,14103
U0362,2026-02-19 04:00:00,Unknown,Content_Marketing,0,0,2274,226,17384
U0363,2026-03-28 10:00:00,Unknown,Google_Search,1,150,4933,198,10247
U0364,2026-02-01 19:00:00,TikTok,TikTok_Viral,0,0,7281,108,9635
U0364,2026-03-27 13:00:00,Facebook,FB_Summer,0,0,6743,423,17460
U0364,2026-01-24 06:00:00,Blog,Content_Marketing,0,0,2879,111,5335
U0364,2026-01-05 08:00:00,TikTok,TikTok_Viral,0,0,6050,152,3979
U0365,2026-03-09 09:00:00,TikTok,TikTok_Viral,1,600,4490,295,3010
U0366,2026-02-08 03:00:00,Google,Google_Search,0,0,4424,176,11480
,2026-01-24 01:00:00,Google,Google_Search,0,0,3337,291,10180
U0366,2026-01-13 13:00:00,Blog,Content_Marketing,0,0,3493,107,4174
U0366,2026-03-29 17:00:00,Google,Google_Search,0,0,7635,235,18329
U0366,2026-02-17 07:00:00,Blog,Content_Marketing,1,600,1871,116,4943
U0367,2026-04-01 14:00:00,Facebook,FB_Summer,1,150,3809,204,16538
U0368,2026-01-17 06:00:00,Google,Google_Search,0,0,7220,486,19361
U0368,2026-02-16 14:00:00,LinkedIn,LinkedIn_B2B,0,0,4955,264,18162
U0369,2026-03-18 08:00:00,Unknown,FB_Summer,0,0,5638,81,7232
U0369,2026-03-05 21:00:00,TikTok,TikTok_Viral,0,0,4586,434,17688
U0369,2026-03-13 12:00:00,TikTok,TikTok_Viral,0,0,2310,342,8137
U0369,2026-03-31 00:00:00,Blog,Content_Marketing,0,0,6797,418,18205
U0369,2026-02-08 07:00:00,LinkedIn,LinkedIn_B2B,0,0,2834,73,18483
U0370,2026-03-23 04:00:00,Google,Google_Search,0,0,7476,76,9159
,2026-03-10 03:00:00,Facebook,FB_Summer,1,250,4023,216,3727
U0371,2026-02-22 19:00:00,Facebook,FB_Summer,0,0,1085,471,12648
U0371,2026-02-16 15:30:00,Facebook,FB_Summer,0,0,7374,449,4487
U0371,2026-03-25 08:00:00,TikTok,TikTok_Viral,0,0,7691,276,8229
U0371,2026-02-04 06:00:00,LinkedIn,LinkedIn_B2B,0,0,2275,278,8593
U0371,2026-02-17 04:00:00,TikTok,TikTok_Viral,1,250,2515,467,6770
U0372,2026-03-24 09:00:00,Facebook,FB_Summer,0,0,4229,401,7155
U0372,2026-01-19 02:00:00,Google,Google_Search,1,900,4297,101,18261
U0373,2026-01-13 12:00:00,Unknown,Content_Marketing,0,0,7803,379,2433
U0373,2026-02-01 02:00:00,Facebook,FB_Summer,0,0,7491,54,4484
U0374,2026-01-26 04:00:00,Google,Google_Search,0,0,2336,207,11870
U0374,2026-01-20 07:00:00,TikTok,TikTok_Viral,0,0,2008,60,2459
U0374,2026-03-11 09:00:00,Google,Google_Search,0,0,1009,164,1786
U0374,2026-02-24 12:00:00,Facebook,FB_Summer,0,0,6606,246,4683
U0374,2026-01-22 03:00:00,TikTok,TikTok_Viral,1,400,1624,365,11935
U0375,2026-01-06 19:00:00,Google,Google_Search,1,400,2485,397,14934
U0376,2026-02-06 11:00:00,Blog,Content_Marketing,0,0,4023,185,3502
U0376,2026-01-20 20:00:00,Google,Google_Search,1,250,7527,452,16677
U0377,2026-02-24 23:00:00,Blog,Content_Marketing,0,0,2489,442,13616
U0378,2026-02-24 15:00:00,TikTok,TikTok_Viral,0,0,3731,120,9057
U0378,2026-02-23 17:00:00,TikTok,TikTok_Viral,0,0,7728,167,13603
U0378,2026-03-16 22:00:00,Google,Google_Search,1,400,7129,162,3859
U0379,2026-01-27 00:00:00,Google,Google_Search,0,0,1902,80,12447
U0379,2026-01-18 09:00:00,LinkedIn,LinkedIn_B2B,1,400,4449,174,7905
U0380,2026-01-16 22:00:00,Unknown,FB_Summer,0,0,4479,240,2772
U0380,2026-03-26 18:00:00,Google,Google_Search,0,0,1247,125,12968
U0381,2026-01-10 00:00:00,Facebook,FB_Summer,0,0,2494,290,5591
U0381,2026-03-31 09:00:00,Blog,Content_Marketing,0,0,6282,405,1432
U0382,2026-01-08 20:00:00,Facebook,FB_Summer,0,0,1089,252,14881
U0382,2026-03-12 22:00:00,TikTok,TikTok_Viral,0,0,6811,166,14882
U0382,2026-02-04 02:00:00,Facebook,FB_Summer,0,0,2735,255,2834
U0383,2026-03-13 19:00:00,Facebook,FB_Summer,0,0,3565,384,14274
U0383,2026-01-22 01:00:00,TikTok,TikTok_Viral,1,600,1888,103,3549
U0384,2026-01-31 09:00:00,Google,Google_Search,0,0,1089,437,11129
U0384,2026-03-12 06:00:00,Facebook,FB_Summer,0,0,5670,339,2470
U0384,2026-03-03 01:00:00,Blog,Content_Marketing,1,400,3921,434,10253
U0385,2026-02-20 23:00:00,LinkedIn,LinkedIn_B2B,0,0,3714,258,17501
U0385,2026-03-06 04:00:00,Google,Google_Search,0,0,7979,69,10506
U0385,2026-01-20 21:00:00,Facebook,FB_Summer,0,0,6885,168,8066
U0385,2026-01-21 16:00:00,Facebook,FB_Summer,1,150,7296,224,15663
U0386,2026-02-16 19:00:00,LinkedIn,LinkedIn_B2B,0,0,7342,399,13701
U0386,2026-01-27 19:00:00,Facebook,FB_Summer,1,400,5075,99,1489
U0387,2026-01-12 15:00:00,Blog,Content_Marketing,0,0,2322,84,10178
U0387,2026-02-16 11:00:00,Blog,Content_Marketing,1,250,3113,292,9389
U0388,2026-03-14 15:00:00,Google,Google_Search,0,0,6076,398,5226
U0388,2026-02-16 16:00:00,TikTok,TikTok_Viral,0,0,6588,261,17578
U0388,2026-02-03 21:00:00,TikTok,TikTok_Viral,0,0,7476,175,19376
U0388,2026-01-20 03:00:00,Google,Google_Search,0,0,1597,164,13721
U0389,2026-03-01 14:00:00,LinkedIn,LinkedIn_B2B,0,0,1703,142,4550
U0389,2026-02-25 06:00:00,TikTok,TikTok_Viral,0,0,5950,298,7967
U0389,2026-01-15 08:00:00,TikTok,TikTok_Viral,0,0,2192,377,7994
U0389,2026-03-14 01:00:00,LinkedIn,LinkedIn_B2B,0,0,7623,235,15093
U0390,2026-01-28 00:00:00,Google,Google_Search,0,0,6207,140,3739
U0390,2026-01-09 08:00:00,Facebook,FB_Summer,0,0,4438,318,8015
U0390,2026-01-24 01:00:00,LinkedIn,LinkedIn_B2B,0,0,7170,202,6391
U0390,2026-02-14 13:00:00,Facebook,FB_Summer,1,150,6707,273,12622
U0391,2026-03-13 19:00:00,Google,Google_Search,0,0,2184,215,11371
U0391,2026-01-20 14:00:00,Google,Google_Search,0,0,7488,395,14316
,2026-03-08 23:00:00,LinkedIn,LinkedIn_B2B,0,0,2029,374,15723
U0391,2026-01-13 01:00:00,Blog,Content_Marketing,0,0,5473,446,6442
U0391,2026-02-18 06:00:00,Blog,Content_Marketing,1,600,5725,57,13132
U0392,2026-02-09 16:00:00,LinkedIn,LinkedIn_B2B,0,0,4735,261,14447
U0392,2026-02-15 17:00:00,LinkedIn,LinkedIn_B2B,0,0,2440,284,15037
U0392,2026-01-23 17:00:00,LinkedIn,LinkedIn_B2B,0,0,7922,387,15335
U0393,2026-01-14 02:00:00,Google,Google_Search,0,0,5066,433,18849
U0393,2026-03-23 14:00:00,Google,Google_Search,0,0,7977,265,7942
U0393,2026-02-28 17:00:00,Facebook,FB_Summer,0,0,2019,229,16202
U0394,2026-02-17 07:00:00,Google,Google_Search,0,0,3518,479,14589
U0394,2026-01-01 13:00:00,Facebook,FB_Summer,0,0,7887,468,18005
U0394,2026-02-10 10:00:00,Blog,Content_Marketing,0,0,5552,250,7313
U0394,2026-03-24 12:00:00,Blog,Content_Marketing,1,600,2055,375,13793
U0395,2026-03-08 05:00:00,LinkedIn,LinkedIn_B2B,0,0,5130,110,19904
U0395,2026-03-22 08:00:00,TikTok,TikTok_Viral,1,600,1763,97,1840
U0396,2026-01-20 00:00:00,Blog,Content_Marketing,0,0,5684,245,1828
U0396,2026-02-28 20:00:00,Facebook,FB_Summer,0,0,2816,202,7351
U0396,2026-02-01 23:00:00,Blog,Content_Marketing,0,0,6400,76,10010
U0396,2026-01-19 20:00:00,Google,Google_Search,0,0,1908,285,5020
U0397,2026-02-03 05:00:00,LinkedIn,LinkedIn_B2B,0,0,7867,156,13805
U0398,2026-02-22 02:00:00,Google,Google_Search,1,900,4439,242,11275
U0399,2026-02-08 00:00:00,Facebook,FB_Summer,0,0,1257,110,12233
U0399,2026-02-16 15:30:00,LinkedIn,LinkedIn_B2B,0,0,3084,112,7319
U0399,2026-01-04 17:00:00,Blog,Content_Marketing,0,0,3989,108,8109
U0399,2026-02-11 04:00:00,Google,Google_Search,0,0,3192,190,16780
U0400,2026-04-01 17:00:00,LinkedIn,LinkedIn_B2B,0,0,4572,312,14105
U0400,2026-02-02 05:00:00,Facebook,FB_Summer,0,0,4218,102,11210
U0401,2026-02-25 14:00:00,TikTok,TikTok_Viral,0,0,6102,105,13551
U0401,2026-01-26 18:00:00,TikTok,TikTok_Viral,1,150,4681,135,2106
U0402,2026-02-22 09:00:00,Blog,Content_Marketing,0,0,5345,230,14051
U0402,2026-01-15 05:00:00,Google,Google_Search,0,0,3009,87,8051
U0402,2026-02-17 04:00:00,LinkedIn,LinkedIn_B2B,0,0,1089,417,11776
U0402,2026-03-01 18:00:00,Facebook,FB_Summer,0,0,4158,195,7952
U0402,2026-01-28 03:00:00,Blog,Content_Marketing,1,250,7614,490,3451
U0403,2026-02-10 10:00:00,TikTok,TikTok_Viral,0,0,1383,190,14803
U0403,2026-01-16 14:00:00,Google,Google_Search,0,0,5721,60,10340
U0403,2026-03-24 18:00:00,Google,Google_Search,0,0,7894,256,2212
U0403,2026-02-16 15:30:00,Blog,Content_Marketing,0,0,7798,460,14601
U0403,2026-02-05 10:00:00,LinkedIn,LinkedIn_B2B,1,600,3565,302,2542
U0404,2026-03-05 20:00:00,TikTok,TikTok_Viral,0,0,6062,102,1959
U0404,2026-01-07 00:00:00,Facebook,FB_Summer,0,0,6933,273,8416
U0404,2026-01-12 06:00:00,Facebook,FB_Summer,0,0,5403,52,2720
U0404,2026-01-06 03:00:00,LinkedIn,LinkedIn_B2B,1,250,6635,363,13437
U0405,2026-03-16 14:00:00,Facebook,FB_Summer,0,0,5785,485,14542
U0405,2026-03-27 03:00:00,TikTok,TikTok_Viral,0,0,5014,193,11548
U0405,2026-01-29 02:00:00,TikTok,TikTok_Viral,0,0,5575,477,8942
U0406,2026-03-05 01:00:00,Google,Google_Search,0,0,4154,146,16979
U0406,2026-02-13 06:00:00,Google,Google_Search,0,0,3567,439,11217
U0407,2026-01-14 04:00:00,Blog,Content_Marketing,0,0,6082,312,7652
U0407,2026-01-25 02:00:00,TikTok,TikTok_Viral,0,0,5728,381,4344
U0407,2026-03-01 03:00:00,Facebook,FB_Summer,0,0,2532,186,1936
U0407,2026-03-26 16:00:00,TikTok,TikTok_Viral,0,0,1688,231,15138
U0408,2026-03-06 13:00:00,TikTok,TikTok_Viral,0,0,1801,75,13534
U0408,2026-01-25 09:00:00,TikTok,TikTok_Viral,0,0,5976,302,17994
U0409,2026-03-24 07:00:00,Google,Google_Search,0,0,1292,344,9722
U0409,2026-01-09 17:00:00,Facebook,FB_Summer,0,0,6864,257,13842
U0409,2026-01-13 07:00:00,TikTok,TikTok_Viral,0,0,2685,137,7670
U0409,2026-03-23 09:00:00,Unknown,LinkedIn_B2B,0,0,2516,307,16622
U0410,2026-02-10 21:00:00,Facebook,FB_Summer,0,0,2161,56,16551
U0410,2026-02-12 00:00:00,TikTok,TikTok_Viral,0,0,6564,439,1318
U0410,2026-02-15 15:00:00,Blog,Content_Marketing,1,150,1896,73,1569
U0411,2026-03-09 16:00:00,Facebook,FB_Summer,0,0,3495,461,11999
U0411,2026-03-04 23:00:00,TikTok,TikTok_Viral,0,0,3076,236,16032
U0411,2026-02-15 09:00:00,Google,Google_Search,0,0,7911,355,16871
U0411,2026-02-04 21:00:00,Google,Google_Search,0,0,4361,488,8217
U0411,2026-02-15 15:00:00,Facebook,FB_Summer,1,250,4528,234,7760
U0412,2026-03-23 03:00:00,TikTok,TikTok_Viral,1,150,4680,498,18265
U0413,2026-02-12 12:00:00,LinkedIn,LinkedIn_B2B,0,0,2561,71,19989
U0413,2026-03-31 10:00:00,Blog,Content_Marketing,1,250,5642,455,12370
U0414,2026-03-05 21:00:00,Google,Google_Search,0,0,3373,369,19289
U0414,2026-02-08 15:00:00,Unknown,FB_Summer,0,0,1335,161,10273
U0414,2026-02-16 15:30:00,Blog,Content_Marketing,0,0,7833,50,2635
U0415,2026-02-06 16:00:00,LinkedIn,LinkedIn_B2B,0,0,1704,415,9869
U0415,2026-01-26 13:00:00,Facebook,FB_Summer,0,0,4876,231,9150
U0415,2026-02-24 12:00:00,TikTok,TikTok_Viral,0,0,3474,355,11182
U0416,2026-03-16 04:00:00,LinkedIn,LinkedIn_B2B,0,0,5540,152,10865
U0416,2026-01-11 09:00:00,LinkedIn,LinkedIn_B2B,1,600,4079,450,15316
U0417,2026-02-26 22:00:00,Blog,Content_Marketing,0,0,4836,231,15013
U0418,2026-03-01 00:00:00,TikTok,TikTok_Viral,0,0,1724,436,5606
U0418,2026-02-08 07:00:00,Blog,Content_Marketing,0,0,5633,499,10612
U0418,2026-02-16 15:30:00,Google,Google_Search,0,0,5243,285,2780
U0418,2026-01-08 08:00:00,Google,Google_Search,1,600,1797,470,10521
U0419,2026-01-08 03:00:00,LinkedIn,LinkedIn_B2B,0,0,1434,409,7719
U0419,2026-01-19 17:00:00,Blog,Content_Marketing,0,0,6535,377,6071
U0419,2026-03-22 09:00:00,LinkedIn,LinkedIn_B2B,0,0,6109,402,7576
U0419,2026-01-09 00:00:00,Google,Google_Search,0,0,3025,154,4394
U0419,2026-01-04 16:00:00,TikTok,TikTok_Viral,1,900,4314,297,7030
U0420,2026-03-29 14:00:00,Blog,Content_Marketing,0,0,6211,61,7055
U0420,2026-03-26 07:00:00,Facebook,FB_Summer,1,250,4900,295,10503
U0421,2026-03-05 11:00:00,Blog,Content_Marketing,0,0,1879,287,14660
U0421,2026-01-19 00:00:00,TikTok,TikTok_Viral,0,0,5755,205,2116
U0421,2026-02-26 01:00:00,Blog,Content_Marketing,0,0,6923,284,10073
U0422,2026-03-06 16:00:00,LinkedIn,LinkedIn_B2B,0,0,5202,82,6717
U0423,2026-02-13 14:00:00,Blog,Content_Marketing,0,0,7247,387,10926
U0423,2026-01-09 20:00:00,TikTok,TikTok_Viral,1,400,2477,344,17612
U0424,2026-03-31 10:00:00,Facebook,FB_Summer,0,0,7798,256,3214
U0424,2026-01-04 23:00:00,Google,Google_Search,0,0,6565,293,11605
U0424,2026-01-31 03:00:00,Facebook,FB_Summer,0,0,7191,265,3109
U0424,2026-03-20 08:00:00,Google,Google_Search,0,0,7253,241,1965
U0424,2026-02-11 03:00:00,Facebook,FB_Summer,1,250,5700,334,7544
U0425,2026-02-26 21:00:00,TikTok,TikTok_Viral,0,0,7666,320,7301
U0425,2026-03-16 00:00:00,Google,Google_Search,1,250,7635,121,1171
U0426,2026-03-11 02:00:00,Blog,Content_Marketing,0,0,6966,378,18306
U0426,2026-01-25 06:00:00,TikTok,TikTok_Viral,0,0,6066,336,5517
U0426,2026-02-26 13:00:00,Google,Google_Search,1,600,2041,450,17949
U0427,2026-03-05 07:00:00,Unknown,Google_Search,0,0,7728,198,9237
U0427,2026-04-01 11:00:00,TikTok,TikTok_Viral,0,0,1612,323,19853
U0427,2026-03-08 19:00:00,Facebook,FB_Summer,0,0,6714,106,16433
U0428,2026-02-13 13:00:00,Google,Google_Search,0,0,2141,154,18926
U0428,2026-03-26 01:00:00,LinkedIn,LinkedIn_B2B,0,0,5997,409,2158
U0428,2026-01-10 13:00:00,LinkedIn,LinkedIn_B2B,0,0,5517,295,5242
U0429,2026-01-05 15:00:00,Google,Google_Search,0,0,3485,450,8463
U0429,2026-01-08 00:00:00,Google,Google_Search,0,0,4107,399,1592
U0429,2026-03-03 01:00:00,Blog,Content_Marketing,0,0,6745,268,19007
U0430,2026-01-16 19:00:00,TikTok,TikTok_Viral,0,0,4576,79,8804
,2026-01-12 18:00:00,Facebook,FB_Summer,0,0,7616,456,18570
U0431,2026-02-01 01:00:00,Google,Google_Search,0,0,1358,210,12457
U0431,2026-03-25 07:00:00,Blog,Content_Marketing,0,0,6386,112,3516
U0431,2026-02-02 17:00:00,Google,Google_Search,0,0,2804,277,10919
U0431,2026-03-12 09:00:00,LinkedIn,LinkedIn_B2B,0,0,3612,407,18741
U0431,2026-01-14 01:00:00,Blog,Content_Marketing,0,0,4983,193,3570
U0432,2026-01-30 09:00:00,Blog,Content_Marketing,0,0,7687,453,5651
U0432,2026-01-31 22:00:00,Google,Google_Search,0,0,1174,305,2106
U0433,2026-02-19 09:00:00,Blog,Content_Marketing,0,0,5995,246,17231
U0433,2026-02-18 12:00:00,Google,Google_Search,0,0,6406,270,18448
U0433,2026-03-26 09:00:00,Google,Google_Search,1,250,5986,436,12017
U0434,2026-02-13 23:00:00,Google,Google_Search,0,0,6973,426,2871
U0434,2026-03-12 12:00:00,Google,Google_Search,0,0,5380,287,14888
U0434,2026-03-14 16:00:00,Blog,Content_Marketing,1,150,2951,117,1497
U0435,2026-02-01 17:00:00,Unknown,Google_Search,0,0,3246,235,9806
,2026-03-25 19:00:00,LinkedIn,LinkedIn_B2B,0,0,7848,185,6858
U0435,2026-03-01 00:00:00,TikTok,TikTok_Viral,1,250,4933,376,19238
U0436,2026-03-16 02:00:00,Google,Google_Search,0,0,1524,275,6891
U0436,2026-02-05 08:00:00,LinkedIn,LinkedIn_B2B,1,600,2203,496,2624
U0437,2026-01-24 21:00:00,Google,Google_Search,0,0,5533,417,8469
,2026-02-03 08:00:00,Google,Google_Search,0,0,5427,417,2465
U0438,2026-01-14 02:00:00,LinkedIn,LinkedIn_B2B,0,0,2671,216,19689
U0438,2026-03-29 13:00:00,LinkedIn,LinkedIn_B2B,0,0,1202,217,12805
U0438,2026-02-22 20:00:00,LinkedIn,LinkedIn_B2B,0,0,1255,132,13068
U0438,2026-02-07 04:00:00,Google,Google_Search,0,0,7619,210,17737
U0438,2026-03-16 22:00:00,Blog,Content_Marketing,1,150,1267,386,5917
U0439,2026-01-29 18:00:00,Google,Google_Search,0,0,4424,325,4972
U0439,2026-01-07 19:00:00,Blog,Content_Marketing,0,0,3205,149,19849
U0439,2026-02-01 10:00:00,LinkedIn,LinkedIn_B2B,0,0,4734,211,4781
U0439,2026-02-26 23:00:00,Facebook,FB_Summer,0,0,5591,308,3504
U0440,2026-01-30 14:00:00,Blog,Content_Marketing,0,0,2026,325,9026
U0440,2026-03-28 18:00:00,TikTok,TikTok_Viral,0,0,3798,210,4865
U0440,2026-02-22 13:00:00,Google,Google_Search,1,900,7329,151,6895
U0441,2026-01-16 13:00:00,Facebook,FB_Summer,0,0,7085,101,5141
U0441,2026-02-25 00:00:00,Google,Google_Search,0,0,5336,248,14839
U0441,2026-01-17 12:00:00,LinkedIn,LinkedIn_B2B,0,0,3759,472,12031
U0441,2026-03-19 19:00:00,Blog,Content_Marketing,0,0,3907,279,14398
U0442,2026-03-03 22:00:00,LinkedIn,LinkedIn_B2B,0,0,7718,310,3745
U0442,2026-01-01 18:00:00,Facebook,FB_Summer,0,0,3625,274,6790
U0442,2026-03-17 08:00:00,Blog,Content_Marketing,0,0,3794,74,19485
U0442,2026-03-09 18:00:00,Blog,Content_Marketing,1,600,4146,213,6846
U0443,2026-02-25 16:00:00,Facebook,FB_Summer,0,0,3845,195,6426
U0443,2026-02-06 08:00:00,Google,Google_Search,0,0,3125,360,4477
U0444,2026-01-13 06:00:00,Facebook,FB_Summer,0,0,5902,70,18689
U0444,2026-01-25 00:00:00,Blog,Content_Marketing,1,250,3308,342,14975
U0445,2026-02-07 03:00:00,TikTok,TikTok_Viral,0,0,4541,302,9619
U0445,2026-01-18 08:00:00,Google,Google_Search,0,0,1647,431,8288
U0445,2026-02-11 05:00:00,Google,Google_Search,0,0,5201,394,3427
U0445,2026-01-05 13:00:00,LinkedIn,LinkedIn_B2B,0,0,2559,480,19290
U0446,2026-01-18 18:00:00,Facebook,FB_Summer,0,0,3173,290,5962
U0447,2026-02-06 04:00:00,TikTok,TikTok_Viral,0,0,6925,433,8018
U0447,2026-02-25 02:00:00,Google,Google_Search,0,0,1317,264,9620
U0447,2026-02-18 20:00:00,Blog,Content_Marketing,0,0,6381,142,10833
U0447,2026-02-07 21:00:00,Facebook,FB_Summer,0,0,3925,328,16760
U0448,2026-01-15 09:00:00,Facebook,FB_Summer,0,0,4480,109,6773
U0448,2026-02-10 21:00:00,TikTok,TikTok_Viral,0,0,7338,297,17029
U0448,2026-02-22 21:00:00,Blog,Content_Marketing,0,0,7971,450,14402
U0449,2026-03-28 10:00:00,LinkedIn,LinkedIn_B2B,1,400,3135,77,9792
U0450,2026-03-23 01:00:00,LinkedIn,LinkedIn_B2B,0,0,2364,324,7756
U0450,2026-03-20 19:00:00,Unknown,Google_Search,0,0,6916,60,13425
U0450,2026-04-01 10:00:00,Google,Google_Search,0,0,6365,75,17995
U0450,2026-02-16 17:00:00,Facebook,FB_Summer,1,150,6880,167,10508
U0451,2026-02-22 06:00:00,Unknown,LinkedIn_B2B,0,0,7926,60,18254
U0451,2026-03-06 12:00:00,Google,Google_Search,1,400,1198,167,9103
U0452,2026-02-18 20:00:00,Google,Google_Search,1,250,1695,89,3421
U0453,2026-01-02 23:00:00,Google,Google_Search,0,0,7028,351,13816
U0453,2026-03-19 09:00:00,Facebook,FB_Summer,0,0,3475,190,16037
U0453,2026-01-13 08:00:00,Facebook,FB_Summer,0,0,4518,97,8282
U0453,2026-03-13 08:00:00,TikTok,TikTok_Viral,0,0,3003,245,1564
U0453,2026-02-20 11:00:00,TikTok,TikTok_Viral,1,600,5733,62,14020
U0454,2026-03-03 18:00:00,LinkedIn,LinkedIn_B2B,0,0,6160,92,4125
U0454,2026-01-22 06:00:00,Blog,Content_Marketing,1,900,2157,256,16516
U0455,2026-03-05 08:00:00,Google,Google_Search,0,0,1299,214,19524
U0455,2026-02-22 00:00:00,Blog,Content_Marketing,0,0,5003,329,17377
U0455,2026-03-25 07:00:00,LinkedIn,LinkedIn_B2B,0,0,7059,425,3668
U0455,2026-02-24 22:00:00,Unknown,Google_Search,0,0,5259,433,4980
U0455,2026-01-26 14:00:00,Facebook,FB_Summer,1,150,5056,137,18189
,2026-02-23 12:00:00,Blog,Content_Marketing,0,0,6897,500,9883
U0456,2026-02-11 19:00:00,Blog,Content_Marketing,0,0,3377,317,7699
U0456,2026-02-17 16:00:00,Blog,Content_Marketing,0,0,3704,432,5434
U0456,2026-02-16 15:30:00,Facebook,FB_Summer,0,0,2231,290,3197
U0457,2026-01-26 22:00:00,Facebook,FB_Summer,1,250,6119,289,6126
U0458,2026-01-29 11:00:00,Blog,Content_Marketing,1,400,7723,494,14964
U0459,2026-03-21 12:00:00,LinkedIn,LinkedIn_B2B,0,0,2659,89,5994
U0459,2026-01-28 08:00:00,Google,Google_Search,0,0,5278,350,13548
U0459,2026-03-15 18:00:00,LinkedIn,LinkedIn_B2B,0,0,6045,392,16512
U0459,2026-01-22 00:00:00,Facebook,FB_Summer,0,0,7581,364,5800
U0459,2026-01-22 15:00:00,Facebook,FB_Summer,1,250,1427,120,17767
U0460,2026-02-11 09:00:00,TikTok,TikTok_Viral,0,0,4090,446,13633
U0460,2026-02-15 09:00:00,TikTok,TikTok_Viral,0,0,5959,481,8009
U0460,2026-03-23 08:00:00,Facebook,FB_Summer,0,0,5014,405,9209
U0460,2026-03-13 13:00:00,Google,Google_Search,1,600,4818,444,12337
U0461,2026-03-13 06:00:00,Blog,Content_Marketing,0,0,1087,150,15486
,2026-03-09 06:00:00,LinkedIn,LinkedIn_B2B,0,0,4021,179,17475
U0461,2026-03-19 08:00:00,Google,Google_Search,0,0,1359,406,9291
U0461,2026-03-22 01:00:00,LinkedIn,LinkedIn_B2B,1,150,4856,361,15892
U0462,2026-03-24 17:00:00,Unknown,TikTok_Viral,0,0,6843,128,6796
U0462,2026-01-11 13:00:00,Facebook,FB_Summer,0,0,6821,81,11296
U0462,2026-03-11 08:00:00,Google,Google_Search,0,0,1136,220,11370
U0462,2026-03-17 23:00:00,Facebook,FB_Summer,0,0,4302,263,3014
U0463,2026-01-19 23:00:00,Unknown,Content_Marketing,1,150,5985,151,17563
U0464,2026-02-09 08:00:00,Google,Google_Search,0,0,7849,406,3821
U0464,2026-03-01 02:00:00,Blog,Content_Marketing,0,0,2520,212,1658
U0464,2026-01-02 06:00:00,Facebook,FB_Summer,0,0,3021,207,7261
U0464,2026-02-09 01:00:00,Facebook,FB_Summer,0,0,5628,211,14565
U0465,2026-01-26 05:00:00,LinkedIn,LinkedIn_B2B,0,0,1757,300,12637
U0465,2026-02-16 11:00:00,Blog,Content_Marketing,1,150,6628,475,6586
U0466,2026-03-10 18:00:00,Facebook,FB_Summer,1,600,7642,399,10459
U0467,2026-03-12 23:00:00,Blog,Content_Marketing,0,0,3115,161,16325
U0467,2026-01-05 03:00:00,LinkedIn,LinkedIn_B2B,1,400,4827,350,11583
U0468,2026-01-05 10:00:00,Blog,Content_Marketing,0,0,1064,131,14808
U0468,2026-02-12 10:00:00,TikTok,TikTok_Viral,0,0,3509,133,16297
U0468,2026-01-24 00:00:00,Blog,Content_Marketing,1,600,6689,272,14085
U0469,2026-02-17 19:00:00,LinkedIn,LinkedIn_B2B,0,0,2919,440,17612
U0469,2026-02-23 13:00:00,Google,Google_Search,0,0,1233,133,17783
U0469,2026-02-08 19:00:00,Facebook,FB_Summer,0,0,5652,434,5572
U0469,2026-03-26 10:00:00,Facebook,FB_Summer,1,150,7495,442,5635
,2026-01-22 14:00:00,TikTok,TikTok_Viral,0,0,3468,207,3633
U0470,2026-01-31 06:00:00,Facebook,FB_Summer,0,0,5549,482,13263
U0470,2026-03-03 05:00:00,Google,Google_Search,1,900,6724,158,16476
U0471,2026-01-13 12:00:00,Facebook,FB_Summer,0,0,7334,217,10279
U0471,2026-03-18 12:00:00,TikTok,TikTok_Viral,0,0,5804,63,8264
U0471,2026-01-23 07:00:00,Blog,Content_Marketing,0,0,6001,356,14047
U0471,2026-03-24 07:00:00,Google,Google_Search,1,900,4566,97,12127
U0472,2026-01-20 09:00:00,TikTok,TikTok_Viral,0,0,3138,265,6882
U0472,2026-02-20 21:00:00,Facebook,FB_Summer,0,0,3836,401,4322
U0472,2026-01-02 05:00:00,TikTok,TikTok_Viral,0,0,4724,55,16929
U0472,2026-02-24 01:00:00,TikTok,TikTok_Viral,0,0,5944,463,15754
U0473,2026-02-12 17:00:00,TikTok,TikTok_Viral,0,0,4473,322,13565
U0473,2026-01-20 00:00:00,Google,Google_Search,0,0,2618,313,15909
U0473,2026-01-07 14:00:00,TikTok,TikTok_Viral,0,0,4007,75,13101
U0473,2026-02-24 10:00:00,Unknown,LinkedIn_B2B,0,0,3189,141,10608
U0473,2026-02-23 00:00:00,Unknown,LinkedIn_B2B,1,400,1914,232,2199
U0474,2026-01-23 02:00:00,Facebook,FB_Summer,0,0,5042,270,10001
U0474,2026-02-28 22:00:00,LinkedIn,LinkedIn_B2B,0,0,7002,470,18155
U0474,2026-02-28 01:00:00,Blog,Content_Marketing,0,0,6929,376,4313
U0474,2026-03-07 23:00:00,TikTok,TikTok_Viral,0,0,4461,255,1733
U0474,2026-02-02 23:00:00,Facebook,FB_Summer,1,600,4550,109,7279
U0475,2026-03-20 16:00:00,LinkedIn,LinkedIn_B2B,0,0,1400,241,19787
U0475,2026-01-28 13:00:00,TikTok,TikTok_Viral,0,0,5108,393,2498
U0475,2026-02-21 05:00:00,Blog,Content_Marketing,0,0,1153,450,14576
U0475,2026-02-05 08:00:00,Facebook,FB_Summer,0,0,1795,163,8367
U0475,2026-04-01 10:00:00,Google,Google_Search,1,250,5991,473,16094
U0476,2026-02-12 17:00:00,Unknown,Content_Marketing,0,0,3790,213,12349
U0476,2026-01-20 14:00:00,TikTok,TikTok_Viral,0,0,2392,394,13781
U0476,2026-02-21 01:00:00,LinkedIn,LinkedIn_B2B,0,0,4985,337,12314
U0476,2026-01-27 23:00:00,Google,Google_Search,0,0,3583,281,16315
U0476,2026-01-20 19:00:00,Google,Google_Search,1,600,4402,441,1767
U0477,2026-02-18 17:00:00,Facebook,FB_Summer,0,0,1794,252,8153
U0477,2026-01-15 18:00:00,Facebook,FB_Summer,0,0,7016,255,19024
U0477,2026-02-15 06:00:00,TikTok,TikTok_Viral,1,900,3975,372,4461
U0478,2026-02-21 15:00:00,Facebook,FB_Summer,0,0,2285,497,6820
U0478,2026-02-06 00:00:00,TikTok,TikTok_Viral,0,0,2411,399,4221
U0478,2026-03-16 20:00:00,TikTok,TikTok_Viral,1,600,1237,366,8346
U0479,2026-03-15 23:00:00,Blog,Content_Marketing,0,0,2363,341,16463
U0479,2026-02-17 00:00:00,Google,Google_Search,0,0,5522,311,7325
U0480,2026-01-31 05:00:00,LinkedIn,LinkedIn_B2B,0,0,2086,200,3123
U0480,2026-01-27 18:00:00,Google,Google_Search,1,900,2981,457,6795
U0481,2026-02-12 05:00:00,Blog,Content_Marketing,0,0,7132,66,14315
U0481,2026-03-02 12:00:00,Blog,Content_Marketing,0,0,6865,325,4964
U0481,2026-03-24 17:00:00,Blog,Content_Marketing,0,0,1489,199,14054
U0481,2026-02-16 12:00:00,Google,Google_Search,0,0,4510,453,5065
U0482,2026-03-16 03:00:00,LinkedIn,LinkedIn_B2B,0,0,2162,174,16813
U0483,2026-02-12 20:00:00,Google,Google_Search,0,0,7164,175,9519
U0483,2026-02-07 22:00:00,LinkedIn,LinkedIn_B2B,1,250,5654,190,2171
U0484,2026-02-06 00:00:00,Blog,Content_Marketing,0,0,3385,207,6187
U0484,2026-03-23 09:00:00,Blog,Content_Marketing,0,0,7092,462,5212
U0485,2026-02-02 20:00:00,TikTok,TikTok_Viral,0,0,2215,349,1395
U0485,2026-02-16 23:00:00,LinkedIn,LinkedIn_B2B,1,250,4907,366,6583
U0486,2026-03-06 10:00:00,Blog,Content_Marketing,0,0,6311,136,18210
U0486,2026-02-16 15:30:00,TikTok,TikTok_Viral,0,0,3804,165,11135
U0486,2026-01-29 04:00:00,Facebook,FB_Summer,0,0,6324,150,12681
U0487,2026-03-23 00:00:00,Blog,Content_Marketing,0,0,5293,166,7636
U0487,2026-03-27 01:00:00,LinkedIn,LinkedIn_B2B,0,0,1550,188,19130
U0487,2026-03-10 02:00:00,Blog,Content_Marketing,0,0,3031,175,9390
U0487,2026-03-30 20:00:00,Facebook,FB_Summer,1,900,2453,70,9708
U0488,2026-01-25 23:00:00,Google,Google_Search,0,0,5280,205,2994
U0488,2026-01-30 07:00:00,Facebook,FB_Summer,0,0,5398,450,2673
U0488,2026-03-23 02:00:00,LinkedIn,LinkedIn_B2B,0,0,2617,101,18772
U0488,2026-01-28 19:00:00,Blog,Content_Marketing,0,0,1913,418,15504
U0488,2026-03-17 20:00:00,Unknown,FB_Summer,1,250,7181,258,9871
U0489,2026-03-06 15:00:00,LinkedIn,LinkedIn_B2B,0,0,5359,177,12178
U0489,2026-03-28 17:00:00,LinkedIn,LinkedIn_B2B,0,0,7198,143,16977
U0489,2026-02-10 16:00:00,Google,Google_Search,0,0,4539,394,10982
U0489,2026-02-26 10:00:00,Google,Google_Search,0,0,7379,105,8595
U0490,2026-02-09 10:00:00,Blog,Content_Marketing,0,0,5993,157,19710
U0490,2026-02-11 05:00:00,Facebook,FB_Summer,1,250,2293,362,6148
U0491,2026-02-23 23:00:00,Blog,Content_Marketing,0,0,7835,205,13150
U0491,2026-02-09 10:00:00,Facebook,FB_Summer,0,0,3523,267,19457
U0491,2026-02-23 00:00:00,TikTok,TikTok_Viral,1,900,3896,380,5585
U0492,2026-04-01 06:00:00,Google,Google_Search,0,0,4059,62,11546
U0492,2026-02-18 10:00:00,TikTok,TikTok_Viral,0,0,6059,307,15421
U0492,2026-01-14 02:00:00,LinkedIn,LinkedIn_B2B,0,0,6908,353,16396
U0492,2026-03-26 12:00:00,Google,Google_Search,1,250,3294,360,13288
U0493,2026-03-23 10:00:00,Google,Google_Search,0,0,1909,291,5400
U0494,2026-01-20 04:00:00,TikTok,TikTok_Viral,1,400,4590,175,11742
U0495,2026-03-09 09:00:00,Blog,Content_Marketing,0,0,7438,408,11287
U0495,2026-02-27 23:00:00,LinkedIn,LinkedIn_B2B,0,0,4774,235,11912
U0495,2026-03-28 22:00:00,Facebook,FB_Summer,0,0,2149,111,14460
U0495,2026-02-20 15:00:00,TikTok,TikTok_Viral,0,0,5196,241,1530
U0495,2026-02-25 01:00:00,Blog,Content_Marketing,1,250,5413,301,10261
U0496,2026-01-10 18:00:00,Google,Google_Search,0,0,2296,458,17826
U0496,2026-03-15 14:00:00,Google,Google_Search,0,0,7284,400,15121
U0496,2026-03-01 14:00:00,LinkedIn,LinkedIn_B2B,0,0,3706,87,6953
U0496,2026-02-13 14:00:00,Blog,Content_Marketing,0,0,4542,60,14155
U0496,2026-02-07 00:00:00,Unknown,Content_Marketing,1,400,3640,268,5931
U0497,2026-03-28 10:00:00,Blog,Content_Marketing,0,0,7729,344,12621
U0497,2026-01-20 06:00:00,Blog,Content_Marketing,0,0,1214,323,2292
U0497,2026-03-11 11:00:00,Facebook,FB_Summer,1,150,2885,386,7842
U0498,2026-02-24 08:00:00,Facebook,FB_Summer,0,0,1223,120,15406
U0498,2026-02-18 00:00:00,Google,Google_Search,1,250,4116,75,15641
U0499,2026-01-27 12:00:00,Facebook,FB_Summer,0,0,5150,346,17924
U0499,2026-01-21 06:00:00,Google,Google_Search,0,0,7141,212,14602
U0499,2026-01-27 02:00:00,Facebook,FB_Summer,0,0,1917,283,1529
U0499,2026-02-18 13:00:00,Google,Google_Search,1,600,3539,478,3139
U0500,2026-03-31 02:00:00,Facebook,FB_Summer,0,0,1129,190,11592
U0500,2026-02-16 15:30:00,Google,Google_Search,0,0,2148,405,16394
U0500,2026-01-08 19:00:00,Google,Google_Search,0,0,4044,366,14594
U0500,2026-02-23 05:00:00,Facebook,FB_Summer,1,250,7630,464,6951
U0501,2026-01-04 15:00:00,Facebook,FB_Summer,0,0,7892,185,11520
U0501,2026-01-04 10:00:00,Google,Google_Search,0,0,2182,258,2523
U0501,2026-02-18 19:00:00,Blog,Content_Marketing,0,0,3856,164,4018
U0502,2026-03-02 14:00:00,Google,Google_Search,0,0,2101,488,1023
U0502,2026-03-02 15:00:00,LinkedIn,LinkedIn_B2B,0,0,5423,237,4158
U0502,2026-03-05 23:00:00,TikTok,TikTok_Viral,0,0,5216,116,5672
U0502,2026-03-26 02:00:00,Facebook,FB_Summer,0,0,6038,103,9184
U0503,2026-03-26 09:00:00,Facebook,FB_Summer,0,0,5259,314,19912
U0503,2026-01-17 10:00:00,LinkedIn,LinkedIn_B2B,1,250,7969,67,13616
U0504,2026-01-02 04:00:00,Facebook,FB_Summer,1,150,4250,215,1383
U0505,2026-02-14 06:00:00,TikTok,TikTok_Viral,0,0,4703,159,15850
U0505,2026-02-03 17:00:00,Blog,Content_Marketing,0,0,5214,222,12051
U0505,2026-02-02 10:00:00,Facebook,FB_Summer,0,0,6433,99,12218
U0505,2026-02-03 02:00:00,Unknown,Content_Marketing,0,0,5450,114,4099
U0505,2026-02-28 03:00:00,Facebook,FB_Summer,1,900,3847,207,15829
U0506,2026-01-24 12:00:00,Blog,Content_Marketing,0,0,2160,480,8269
U0506,2026-01-26 23:00:00,Google,Google_Search,0,0,5611,490,18385
U0506,2026-01-07 17:00:00,Blog,Content_Marketing,0,0,5348,135,13270
U0506,2026-01-13 21:00:00,Facebook,FB_Summer,0,0,7907,434,5982
U0507,2026-02-05 01:00:00,Facebook,FB_Summer,0,0,5274,265,16615
U0507,2026-02-11 04:00:00,TikTok,TikTok_Viral,0,0,6802,334,11210
U0507,2026-03-20 19:00:00,Facebook,FB_Summer,0,0,2177,296,6251
U0507,2026-02-20 05:00:00,Facebook,FB_Summer,0,0,7834,229,3311
U0507,2026-02-05 04:00:00,Facebook,FB_Summer,1,600,6507,127,7744
U0508,2026-02-11 00:00:00,LinkedIn,LinkedIn_B2B,0,0,7321,371,16437
U0508,2026-03-26 14:00:00,Facebook,FB_Summer,0,0,4722,128,3306
U0508,2026-02-04 01:00:00,LinkedIn,LinkedIn_B2B,0,0,4821,268,6519
U0508,2026-02-07 07:00:00,TikTok,TikTok_Viral,0,0,5907,492,12880
U0509,2026-02-23 01:00:00,TikTok,TikTok_Viral,0,0,6931,425,10039
U0509,2026-03-23 16:00:00,LinkedIn,LinkedIn_B2B,1,900,3921,92,1423
U0510,2026-03-16 15:00:00,Facebook,FB_Summer,1,900,7397,473,16986
U0511,2026-03-08 21:00:00,Blog,Content_Marketing,0,0,7501,379,4230
U0511,2026-01-13 03:00:00,Blog,Content_Marketing,0,0,6810,359,14822
U0511,2026-01-06 11:00:00,TikTok,TikTok_Viral,0,0,5282,69,14064
U0511,2026-03-27 00:00:00,TikTok,TikTok_Viral,0,0,3694,100,10577
U0511,2026-01-04 23:00:00,TikTok,TikTok_Viral,1,600,6595,226,12546
U0512,2026-01-07 10:00:00,TikTok,TikTok_Viral,0,0,7501,132,7860
U0512,2026-03-12 20:00:00,Blog,Content_Marketing,1,250,7680,138,17378
U0513,2026-03-20 17:00:00,LinkedIn,LinkedIn_B2B,1,400,7788,206,4319
U0514,2026-03-21 15:00:00,LinkedIn,LinkedIn_B2B,1,600,6794,298,12488
U0515,2026-01-21 05:00:00,LinkedIn,LinkedIn_B2B,0,0,5146,408,19365
U0515,2026-03-13 17:00:00,LinkedIn,LinkedIn_B2B,0,0,1764,96,14259
U0515,2026-01-19 22:00:00,LinkedIn,LinkedIn_B2B,1,900,4155,103,10630
U0516,2026-01-29 14:00:00,LinkedIn,LinkedIn_B2B,0,0,3242,63,17203
U0516,2026-03-30 07:00:00,Facebook,FB_Summer,0,0,2769,124,1406
U0516,2026-02-01 00:00:00,LinkedIn,LinkedIn_B2B,0,0,5557,332,19615
U0516,2026-02-22 05:00:00,Facebook,FB_Summer,0,0,4171,432,9568
U0516,2026-02-03 13:00:00,LinkedIn,LinkedIn_B2B,0,0,3622,326,12700
U0517,2026-03-31 07:00:00,LinkedIn,LinkedIn_B2B,0,0,7424,309,16588
U0518,2026-03-19 07:00:00,Google,Google_Search,0,0,5538,470,8338
U0518,2026-02-04 18:00:00,TikTok,TikTok_Viral,0,0,5841,273,3118
U0518,2026-01-03 17:00:00,Facebook,FB_Summer,0,0,4904,494,5845
U0518,2026-03-29 11:00:00,Google,Google_Search,0,0,6961,64,17082
U0518,2026-04-01 04:00:00,TikTok,TikTok_Viral,1,400,5410,406,10983
U0519,2026-03-07 13:00:00,Blog,Content_Marketing,0,0,3576,491,1222
U0519,2026-01-07 22:00:00,Blog,Content_Marketing,0,0,1581,364,3084
U0519,2026-02-22 23:00:00,Blog,Content_Marketing,1,150,7338,438,6876
U0520,2026-01-16 10:00:00,TikTok,TikTok_Viral,0,0,6614,248,14355
U0520,2026-03-31 15:00:00,TikTok,TikTok_Viral,0,0,3909,140,15102
U0521,2026-01-24 08:00:00,Google,Google_Search,0,0,6185,91,12131
U0521,2026-01-13 16:00:00,TikTok,TikTok_Viral,0,0,5563,80,13227
U0521,2026-01-22 00:00:00,Unknown,Google_Search,1,900,4151,206,1906
U0522,2026-01-23 06:00:00,Google,Google_Search,0,0,3828,99,6068
U0522,2026-02-17 18:00:00,Blog,Content_Marketing,0,0,7324,140,17624
U0522,2026-02-26 00:00:00,Facebook,FB_Summer,0,0,7501,111,11212
U0522,2026-01-14 11:00:00,LinkedIn,LinkedIn_B2B,0,0,1816,304,7329
U0522,2026-01-20 19:00:00,Blog,Content_Marketing,1,400,5489,475,13741
U0523,2026-01-09 10:00:00,Blog,Content_Marketing,0,0,5020,146,14247
U0523,2026-02-15 01:00:00,Google,Google_Search,0,0,6403,412,4236
U0523,2026-01-12 21:00:00,Blog,Content_Marketing,0,0,6752,322,18094
U0523,2026-03-11 20:00:00,TikTok,TikTok_Viral,0,0,2622,199,14969
U0524,2026-01-11 15:00:00,TikTok,TikTok_Viral,0,0,5994,249,11023
U0524,2026-02-06 21:00:00,Unknown,TikTok_Viral,0,0,1730,207,19719
U0524,2026-01-23 20:00:00,Unknown,Content_Marketing,0,0,3481,247,7168
U0524,2026-03-10 01:00:00,LinkedIn,LinkedIn_B2B,1,600,5164,318,6842
U0525,2026-01-28 03:00:00,Google,Google_Search,0,0,3623,87,7671
U0525,2026-02-16 15:30:00,TikTok,TikTok_Viral,0,0,2687,402,4811
U0525,2026-01-01 07:00:00,LinkedIn,LinkedIn_B2B,0,0,2450,249,8483
U0525,2026-02-21 01:00:00,LinkedIn,LinkedIn_B2B,0,0,3115,266,19695
U0525,2026-01-27 20:00:00,LinkedIn,LinkedIn_B2B,1,400,4406,471,14554
U0526,2026-03-04 08:00:00,Facebook,FB_Summer,0,0,6701,442,15717
U0526,2026-03-26 22:00:00,Facebook,FB_Summer,0,0,7481,300,3179
U0526,2026-03-10 10:00:00,Facebook,FB_Summer,0,0,6857,405,14048
U0526,2026-03-10 09:00:00,LinkedIn,LinkedIn_B2B,1,250,1978,252,7623
U0527,2026-01-17 16:00:00,Facebook,FB_Summer,1,900,2873,69,13716
U0528,2026-01-31 13:00:00,Google,Google_Search,0,0,5890,443,2345
U0528,2026-01-25 06:00:00,Unknown,Content_Marketing,0,0,2251,224,9218
U0529,2026-01-26 20:00:00,TikTok,TikTok_Viral,0,0,5141,82,8380
U0529,2026-03-22 06:00:00,Unknown,FB_Summer,1,400,4608,85,9053
U0530,2026-01-21 04:00:00,Blog,Content_Marketing,0,0,1533,259,17975
U0530,2026-01-03 19:00:00,Blog,Content_Marketing,0,0,1314,123,4401
,2026-01-01 12:00:00,Facebook,FB_Summer,0,0,5644,111,8357
U0530,2026-03-14 17:00:00,Google,Google_Search,0,0,5681,380,13650
U0530,2026-03-29 19:00:00,LinkedIn,LinkedIn_B2B,1,250,5018,363,9193
U0531,2026-01-20 14:00:00,TikTok,TikTok_Viral,0,0,6219,424,6713
U0531,2026-02-02 05:00:00,TikTok,TikTok_Viral,0,0,2179,71,16071
U0531,2026-04-01 17:00:00,TikTok,TikTok_Viral,1,900,6132,230,7819
U0532,2026-02-28 23:00:00,TikTok,TikTok_Viral,0,0,3767,216,14070
U0532,2026-03-09 06:00:00,Facebook,FB_Summer,0,0,6974,387,12908
U0532,2026-03-12 13:00:00,TikTok,TikTok_Viral,0,0,4852,105,18787
U0532,2026-02-08 19:00:00,TikTok,TikTok_Viral,1,600,2283,387,13592
U0533,2026-02-26 00:00:00,Facebook,FB_Summer,0,0,3239,431,19460
U0533,2026-03-24 12:00:00,Facebook,FB_Summer,0,0,3592,289,9051
U0533,2026-03-04 10:00:00,Facebook,FB_Summer,0,0,6145,498,2156
U0533,2026-01-09 02:00:00,Google,Google_Search,0,0,3715,486,3947
U0533,2026-02-15 06:00:00,LinkedIn,LinkedIn_B2B,1,600,1540,235,11338
U0534,2026-02-13 22:00:00,TikTok,TikTok_Viral,0,0,2309,500,5981
U0534,2026-02-23 03:00:00,Facebook,FB_Summer,0,0,5524,371,16386
U0534,2026-03-30 07:00:00,LinkedIn,LinkedIn_B2B,0,0,4644,99,2290
U0534,2026-02-18 15:00:00,Unknown,FB_Summer,0,0,6637,468,12874
U0534,2026-03-16 18:00:00,TikTok,TikTok_Viral,1,900,6503,340,12266
U0535,2026-01-09 05:00:00,LinkedIn,LinkedIn_B2B,0,0,2224,106,7459
U0535,2026-02-07 22:00:00,LinkedIn,LinkedIn_B2B,0,0,7548,303,1522
U0535,2026-03-17 13:00:00,Blog,Content_Marketing,0,0,5205,193,18053
U0536,2026-01-22 01:00:00,LinkedIn,LinkedIn_B2B,1,900,4546,222,2325
U0537,2026-02-12 17:00:00,Google,Google_Search,0,0,1087,426,19797
U0537,2026-02-08 12:00:00,Google,Google_Search,0,0,6695,394,9856
U0537,2026-02-12 11:00:00,TikTok,TikTok_Viral,1,900,4335,412,12210
U0538,2026-03-12 06:00:00,LinkedIn,LinkedIn_B2B,0,0,6503,93,11440
U0538,2026-01-15 00:00:00,Blog,Content_Marketing,1,400,1609,140,13235
U0539,2026-02-16 15:30:00,Unknown,Content_Marketing,0,0,7610,224,3306
U0540,2026-03-27 03:00:00,LinkedIn,LinkedIn_B2B,0,0,7111,91,7080
U0540,2026-01-12 00:00:00,Google,Google_Search,1,900,6873,90,13677
U0541,2026-01-26 22:00:00,TikTok,TikTok_Viral,0,0,3359,424,3007
,2026-01-24 16:00:00,TikTok,TikTok_Viral,0,0,2178,499,18760
U0541,2026-01-25 22:00:00,Blog,Content_Marketing,1,150,7951,214,8461
U0542,2026-02-07 19:00:00,Blog,Content_Marketing,0,0,3055,472,12297
U0542,2026-03-09 00:00:00,Facebook,FB_Summer,1,600,7179,132,3118
U0543,2026-02-14 23:00:00,TikTok,TikTok_Viral,0,0,6521,441,15612
U0544,2026-03-17 11:00:00,LinkedIn,LinkedIn_B2B,0,0,5662,184,11455
U0545,2026-02-17 15:00:00,TikTok,TikTok_Viral,0,0,7102,147,8474
U0545,2026-01-22 01:00:00,Blog,Content_Marketing,0,0,3657,457,14213
U0545,2026-03-01 14:00:00,TikTok,TikTok_Viral,0,0,1200,497,5568
U0545,2026-02-18 20:00:00,LinkedIn,LinkedIn_B2B,1,400,7696,388,6661
U0546,2026-01-13 00:00:00,Facebook,FB_Summer,0,0,1177,304,13852
U0546,2026-02-08 17:00:00,Facebook,FB_Summer,0,0,5088,271,15257
U0547,2026-02-15 03:00:00,Google,Google_Search,0,0,3370,122,8705
U0547,2026-02-16 15:30:00,Blog,Content_Marketing,1,900,2299,223,11178
U0548,2026-01-16 19:00:00,Blog,Content_Marketing,0,0,7611,402,5198
U0548,2026-03-14 15:00:00,LinkedIn,LinkedIn_B2B,0,0,2715,217,8649
U0548,2026-03-23 15:00:00,LinkedIn,LinkedIn_B2B,0,0,3712,407,7369
U0548,2026-02-11 20:00:00,Facebook,FB_Summer,0,0,5992,171,9162
U0548,2026-03-14 15:00:00,TikTok,TikTok_Viral,1,600,4146,434,5861
U0549,2026-03-09 15:00:00,Google,Google_Search,0,0,6962,186,3193
U0549,2026-02-19 06:00:00,TikTok,TikTok_Viral,0,0,7944,448,2934
U0549,2026-02-01 07:00:00,TikTok,TikTok_Viral,0,0,4953,337,5788
U0549,2026-02-10 15:00:00,LinkedIn,LinkedIn_B2B,0,0,7751,465,7166
U0549,2026-03-19 03:00:00,Blog,Content_Marketing,1,400,5288,459,17519
U0550,2026-02-16 15:30:00,TikTok,TikTok_Viral,0,0,2180,201,1828
U0550,2026-03-25 20:00:00,Google,Google_Search,0,0,2209,278,13518
U0550,2026-01-21 19:00:00,Blog,Content_Marketing,1,150,4735,191,7480
U0551,2026-01-21 18:00:00,LinkedIn,LinkedIn_B2B,0,0,3674,332,16633
U0551,2026-01-19 10:00:00,Unknown,LinkedIn_B2B,0,0,4557,380,11613
U0551,2026-01-23 10:00:00,TikTok,TikTok_Viral,0,0,3654,339,19629
U0551,2026-03-07 01:00:00,Google,Google_Search,0,0,1556,121,5966
U0551,2026-03-08 05:00:00,Google,Google_Search,1,900,3925,223,3659
U0552,2026-03-05 12:00:00,Google,Google_Search,0,0,4243,405,6078
U0552,2026-01-12 06:00:00,Blog,Content_Marketing,0,0,3136,166,8840
U0552,2026-03-24 21:00:00,Google,Google_Search,0,0,2847,295,2389
U0552,2026-01-29 07:00:00,Google,Google_Search,1,400,3617,215,13698
U0553,2026-02-07 15:00:00,Blog,Content_Marketing,0,0,1556,70,7557
U0553,2026-01-05 06:00:00,Blog,Content_Marketing,0,0,1660,347,13062
U0553,2026-01-22 12:00:00,Blog,Content_Marketing,0,0,7096,368,10221
U0553,2026-03-13 11:00:00,LinkedIn,LinkedIn_B2B,0,0,5977,181,11960
U0554,2026-02-20 03:00:00,LinkedIn,LinkedIn_B2B,0,0,6336,393,17770
U0554,2026-01-27 05:00:00,TikTok,TikTok_Viral,1,400,2684,152,19684
U0555,2026-02-08 11:00:00,Blog,Content_Marketing,0,0,7910,179,8104
,2026-01-04 09:00:00,Blog,Content_Marketing,0,0,2690,305,13732
U0555,2026-02-28 12:00:00,LinkedIn,LinkedIn_B2B,1,150,5594,355,10350
U0556,2026-01-14 00:00:00,Blog,Content_Marketing,0,0,3246,50,10943
U0556,2026-02-18 23:00:00,TikTok,TikTok_Viral,0,0,2763,380,7251
U0557,2026-02-05 13:00:00,Unknown,Google_Search,0,0,1983,204,5647
U0557,2026-02-28 06:00:00,LinkedIn,LinkedIn_B2B,0,0,7494,65,16614
U0557,2026-01-02 03:00:00,Facebook,FB_Summer,0,0,5749,405,19266
U0557,2026-02-04 00:00:00,LinkedIn,LinkedIn_B2B,1,400,2255,160,3135
U0558,2026-01-05 15:00:00,Google,Google_Search,0,0,1108,345,2442
U0558,2026-02-05 22:00:00,Google,Google_Search,0,0,1199,393,9911
U0558,2026-02-16 15:30:00,Facebook,FB_Summer,0,0,5613,477,15265
U0558,2026-03-31 15:00:00,Blog,Content_Marketing,1,600,3347,236,3897
U0559,2026-03-02 17:00:00,TikTok,TikTok_Viral,0,0,5513,326,5774
U0559,2026-03-23 11:00:00,LinkedIn,LinkedIn_B2B,0,0,3846,442,10582
U0559,2026-03-28 15:00:00,Facebook,FB_Summer,0,0,1708,358,9296
U0559,2026-02-12 11:00:00,Facebook,FB_Summer,0,0,6573,134,2401
U0559,2026-03-06 20:00:00,LinkedIn,LinkedIn_B2B,1,400,7101,131,19798
U0560,2026-01-11 13:00:00,TikTok,TikTok_Viral,0,0,5256,103,19856
U0560,2026-02-02 17:00:00,Google,Google_Search,1,150,6814,453,11973
U0561,2026-02-17 17:00:00,LinkedIn,LinkedIn_B2B,0,0,2794,345,12505
U0561,2026-03-30 03:00:00,TikTok,TikTok_Viral,0,0,6684,435,7171
U0561,2026-03-06 03:00:00,Google,Google_Search,0,0,3511,173,14307
U0561,2026-01-27 17:00:00,LinkedIn,LinkedIn_B2B,0,0,1132,65,10692
U0562,2026-03-29 02:00:00,Facebook,FB_Summer,1,150,3928,388,14205
U0563,2026-02-19 11:00:00,LinkedIn,LinkedIn_B2B,1,250,4919,375,2372
U0564,2026-02-10 11:00:00,TikTok,TikTok_Viral,0,0,4143,435,18662
U0564,2026-02-24 22:00:00,Google,Google_Search,0,0,6610,301,1895
U0564,2026-01-05 15:00:00,TikTok,TikTok_Viral,0,0,1754,92,9040
U0564,2026-02-28 12:00:00,Google,Google_Search,0,0,1281,215,11151
U0565,2026-03-20 13:00:00,Facebook,FB_Summer,0,0,6531,449,1925
U0565,2026-02-26 02:00:00,Blog,Content_Marketing,0,0,4179,460,18552
U0565,2026-02-02 18:00:00,Google,Google_Search,0,0,4700,200,6332
U0565,2026-02-07 19:00:00,Google,Google_Search,0,0,7859,89,7524
,2026-03-04 07:00:00,TikTok,TikTok_Viral,1,900,2446,445,13344
U0566,2026-01-29 10:00:00,Facebook,FB_Summer,1,250,6847,277,4804
U0567,2026-01-17 23:00:00,Unknown,FB_Summer,0,0,5064,237,15089
U0568,2026-01-14 13:00:00,Blog,Content_Marketing,1,400,4459,84,3135
U0569,2026-03-02 12:00:00,LinkedIn,LinkedIn_B2B,1,250,2126,111,1790
U0570,2026-01-24 21:00:00,Blog,Content_Marketing,0,0,5565,184,16659
U0570,2026-03-26 05:00:00,Unknown,Google_Search,0,0,2658,125,10841
U0571,2026-02-16 15:30:00,Google,Google_Search,0,0,3178,349,18384
U0571,2026-02-08 04:00:00,Google,Google_Search,1,600,2749,146,16556
U0572,2026-01-13 05:00:00,Facebook,FB_Summer,0,0,7585,86,5787
U0572,2026-03-07 04:00:00,Facebook,FB_Summer,0,0,1594,339,6397
U0572,2026-03-22 13:00:00,Facebook,FB_Summer,0,0,3150,258,2955
U0572,2026-01-06 10:00:00,TikTok,TikTok_Viral,1,900,4061,250,15739
U0573,2026-03-03 19:00:00,Facebook,FB_Summer,0,0,7188,375,6153
U0573,2026-03-18 16:00:00,Facebook,FB_Summer,0,0,1253,263,3173
U0573,2026-01-11 22:00:00,Blog,Content_Marketing,0,0,4027,192,13886
U0573,2026-03-01 20:00:00,LinkedIn,LinkedIn_B2B,0,0,5385,359,11718
U0573,2026-03-02 16:00:00,LinkedIn,LinkedIn_B2B,1,150,5829,405,19356
U0574,2026-02-13 02:00:00,TikTok,TikTok_Viral,0,0,6049,373,3062
U0574,2026-03-22 08:00:00,LinkedIn,LinkedIn_B2B,0,0,2866,210,11622
U0574,2026-03-14 06:00:00,Facebook,FB_Summer,0,0,5240,396,14485
U0574,2026-02-03 19:00:00,LinkedIn,LinkedIn_B2B,0,0,7446,121,10667
U0574,2026-03-29 21:00:00,Facebook,FB_Summer,0,0,7537,286,18043
U0575,2026-03-23 07:00:00,LinkedIn,LinkedIn_B2B,0,0,2499,381,17284
U0575,2026-02-01 12:00:00,LinkedIn,LinkedIn_B2B,0,0,5402,224,5795
U0576,2026-01-16 12:00:00,Unknown,LinkedIn_B2B,0,0,2547,465,9349
U0576,2026-02-28 17:00:00,TikTok,TikTok_Viral,0,0,2631,186,2670
U0576,2026-03-22 15:00:00,TikTok,TikTok_Viral,0,0,1978,121,6934
U0577,2026-01-06 02:00:00,Google,Google_Search,1,400,7421,99,14869
U0578,2026-01-08 00:00:00,Blog,Content_Marketing,0,0,3328,270,8886
U0578,2026-01-29 19:00:00,Facebook,FB_Summer,0,0,3896,480,8745
U0579,2026-03-16 10:00:00,Blog,Content_Marketing,0,0,4139,154,18750
U0579,2026-01-03 05:00:00,Blog,Content_Marketing,0,0,3209,464,16933
U0580,2026-02-22 07:00:00,Facebook,FB_Summer,0,0,2805,193,4518
U0581,2026-02-25 18:00:00,LinkedIn,LinkedIn_B2B,1,150,2902,101,3686
U0582,2026-01-20 23:00:00,TikTok,TikTok_Viral,0,0,1188,327,9903
U0582,2026-03-28 15:00:00,Facebook,FB_Summer,0,0,1169,305,17631
U0582,2026-02-19 14:00:00,Blog,Content_Marketing,0,0,5923,478,13375
U0582,2026-02-21 06:00:00,Facebook,FB_Summer,1,900,6856,198,8565
U0583,2026-03-29 18:00:00,Google,Google_Search,0,0,7554,61,13742
U0583,2026-02-14 11:00:00,Blog,Content_Marketing,0,0,4474,95,15331
U0583,2026-02-14 07:00:00,LinkedIn,LinkedIn_B2B,0,0,2295,136,8180
U0583,2026-03-24 16:00:00,Blog,Content_Marketing,1,900,4124,236,2572
U0584,2026-01-12 19:00:00,Facebook,FB_Summer,0,0,3090,281,5883
U0584,2026-01-19 13:00:00,LinkedIn,LinkedIn_B2B,0,0,3552,135,18056
U0585,2026-03-21 01:00:00,Google,Google_Search,1,150,7071,140,10445
,2026-01-22 07:00:00,TikTok,TikTok_Viral,0,0,1631,84,4326
U0586,2026-01-23 17:00:00,LinkedIn,LinkedIn_B2B,0,0,6924,141,6004
U0586,2026-01-24 07:00:00,Blog,Content_Marketing,0,0,3230,312,1678
U0586,2026-03-06 01:00:00,Blog,Content_Marketing,0,0,7934,117,8927
U0586,2026-02-17 18:00:00,Blog,Content_Marketing,1,900,6818,106,9133
,2026-02-18 04:00:00,Google,Google_Search,0,0,6550,436,13943
U0587,2026-03-11 23:00:00,Blog,Content_Marketing,0,0,5257,231,19922
U0588,2026-02-22 05:00:00,Blog,Content_Marketing,0,0,2694,87,13042
U0588,2026-01-15 19:00:00,LinkedIn,LinkedIn_B2B,0,0,1195,211,16965
U0588,2026-01-03 06:00:00,Facebook,FB_Summer,0,0,5836,454,5582
U0588,2026-02-20 07:00:00,LinkedIn,LinkedIn_B2B,1,250,3071,299,14082
U0589,2026-01-27 14:00:00,LinkedIn,LinkedIn_B2B,0,0,2192,377,4318
U0589,2026-02-17 01:00:00,LinkedIn,LinkedIn_B2B,0,0,4550,89,10632
U0589,2026-03-07 17:00:00,LinkedIn,LinkedIn_B2B,0,0,4927,84,12550
U0589,2026-01-25 09:00:00,LinkedIn,LinkedIn_B2B,1,900,2195,431,19402
U0590,2026-03-07 06:00:00,Google,Google_Search,0,0,3736,458,16082
U0590,2026-03-21 10:00:00,LinkedIn,LinkedIn_B2B,0,0,2010,274,16974
U0590,2026-03-07 01:00:00,TikTok,TikTok_Viral,0,0,5144,84,6024
U0591,2026-03-23 08:00:00,TikTok,TikTok_Viral,0,0,6053,246,10036
U0591,2026-02-16 15:30:00,TikTok,TikTok_Viral,0,0,4427,341,7345
U0591,2026-01-20 13:00:00,TikTok,TikTok_Viral,0,0,1004,83,6354
U0591,2026-02-03 23:00:00,Google,Google_Search,1,400,2356,394,17170
U0592,2026-02-13 19:00:00,TikTok,TikTok_Viral,0,0,3114,345,19303
U0593,2026-03-09 04:00:00,LinkedIn,LinkedIn_B2B,0,0,6591,192,9037
U0593,2026-01-03 13:00:00,Facebook,FB_Summer,0,0,5086,420,14261
U0593,2026-03-17 09:00:00,Google,Google_Search,0,0,5546,164,8174
U0593,2026-03-01 04:00:00,Facebook,FB_Summer,0,0,4380,430,14102
U0593,2026-03-14 10:00:00,TikTok,TikTok_Viral,1,400,6430,83,11287
U0594,2026-02-25 04:00:00,TikTok,TikTok_Viral,1,600,4034,110,11092
U0595,2026-02-20 18:00:00,TikTok,TikTok_Viral,0,0,2992,362,6403
U0595,2026-01-21 19:00:00,LinkedIn,LinkedIn_B2B,1,900,1672,92,1278
U0596,2026-01-12 22:00:00,Unknown,TikTok_Viral,0,0,2454,66,5373
U0596,2026-02-16 21:00:00,LinkedIn,LinkedIn_B2B,1,600,5685,94,2324
U0597,2026-01-13 01:00:00,Unknown,LinkedIn_B2B,0,0,1001,470,7299
U0597,2026-02-20 15:00:00,Facebook,FB_Summer,1,250,5309,86,10320
U0598,2026-03-19 08:00:00,TikTok,TikTok_Viral,0,0,5066,360,8333
U0598,2026-01-05 12:00:00,LinkedIn,LinkedIn_B2B,0,0,7637,281,12755
U0599,2026-03-25 22:00:00,LinkedIn,LinkedIn_B2B,0,0,7506,483,11135
U0599,2026-01-27 07:00:00,Unknown,LinkedIn_B2B,0,0,1481,350,4857
U0599,2026-01-14 14:00:00,Facebook,FB_Summer,0,0,3725,402,11484
U0599,2026-01-31 22:00:00,Blog,Content_Marketing,0,0,6474,393,19091
U0599,2026-02-08 22:00:00,Unknown,Content_Marketing,1,250,2282,250,7274
U0600,2026-01-05 08:00:00,Google,Google_Search,0,0,4256,451,11603
U0600,2026-01-18 10:00:00,TikTok,TikTok_Viral,0,0,7156,340,7028
U0600,2026-01-22 08:00:00,Google,Google_Search,0,0,2213,71,5598
U0601,2026-01-26 23:00:00,Unknown,LinkedIn_B2B,0,0,3955,414,12238
,2026-02-17 10:00:00,Blog,Content_Marketing,1,900,5104,153,7916
U0602,2026-02-05 16:00:00,Blog,Content_Marketing,0,0,6015,150,15252
U0602,2026-02-28 23:00:00,Google,Google_Search,1,400,4739,72,10322
U0603,2026-03-17 20:00:00,TikTok,TikTok_Viral,0,0,4418,287,19739
U0603,2026-02-10 18:00:00,Facebook,FB_Summer,0,0,7980,69,8519
U0603,2026-02-02 12:00:00,Unknown,Content_Marketing,0,0,7729,280,8830
U0604,2026-01-07 02:00:00,TikTok,TikTok_Viral,0,0,5477,263,1535
U0604,2026-03-23 09:00:00,Blog,Content_Marketing,0,0,5752,159,18501
U0604,2026-02-06 03:00:00,Blog,Content_Marketing,0,0,6945,218,6807
,2026-03-25 06:00:00,Blog,Content_Marketing,0,0,3011,295,1677
U0605,2026-01-22 21:00:00,LinkedIn,LinkedIn_B2B,0,0,4493,154,6370
U0606,2026-02-09 17:00:00,LinkedIn,LinkedIn_B2B,0,0,2274,497,4979
U0606,2026-01-31 02:00:00,Google,Google_Search,0,0,2466,108,15787
U0606,2026-01-16 16:00:00,LinkedIn,LinkedIn_B2B,0,0,2000,296,10119
U0607,2026-02-15 05:00:00,Google,Google_Search,1,400,6941,59,3831
U0608,2026-02-13 05:00:00,Facebook,FB_Summer,0,0,7203,373,12514
U0609,2026-02-25 03:00:00,TikTok,TikTok_Viral,1,400,2372,147,16840
U0610,2026-03-26 15:00:00,Facebook,FB_Summer,0,0,4021,151,2375
,2026-02-27 06:00:00,Google,Google_Search,0,0,4051,382,12099
U0610,2026-01-01 10:00:00,TikTok,TikTok_Viral,0,0,5871,316,19396
U0610,2026-03-17 04:00:00,Google,Google_Search,0,0,7238,224,4924
U0610,2026-01-05 20:00:00,Blog,Content_Marketing,0,0,3403,69,4492
U0611,2026-03-31 08:00:00,Facebook,FB_Summer,1,250,7961,260,3437
U0612,2026-03-05 09:00:00,Unknown,Google_Search,0,0,3335,217,7054
U0612,2026-01-18 16:00:00,Google,Google_Search,0,0,1779,185,11937
U0612,2026-01-16 05:00:00,LinkedIn,LinkedIn_B2B,0,0,1402,191,11206
U0612,2026-03-11 02:00:00,Blog,Content_Marketing,0,0,6656,329,10738
U0612,2026-03-26 09:00:00,Blog,Content_Marketing,1,400,3555,499,14768
U0613,2026-01-07 04:00:00,LinkedIn,LinkedIn_B2B,1,400,1875,294,2393
U0614,2026-03-11 03:00:00,TikTok,TikTok_Viral,0,0,7505,176,3687
U0614,2026-01-22 05:00:00,LinkedIn,LinkedIn_B2B,0,0,6167,465,1551
U0614,2026-01-28 23:00:00,TikTok,TikTok_Viral,0,0,6590,310,8818
U0614,2026-01-01 21:00:00,TikTok,TikTok_Viral,1,400,7359,481,7145
U0615,2026-02-25 06:00:00,Google,Google_Search,0,0,3397,226,5463
U0615,2026-03-17 13:00:00,TikTok,TikTok_Viral,0,0,2021,411,14769
U0615,2026-03-24 19:00:00,LinkedIn,LinkedIn_B2B,0,0,2566,432,9288
U0615,2026-03-15 05:00:00,Facebook,FB_Summer,1,150,3038,117,2317
U0616,2026-01-10 21:00:00,Google,Google_Search,0,0,1922,344,1092
,2026-01-15 22:00:00,Facebook,FB_Summer,1,150,2182,125,5038
U0617,2026-02-18 21:00:00,TikTok,TikTok_Viral,0,0,6202,124,7775
U0617,2026-02-15 06:00:00,TikTok,TikTok_Viral,0,0,5013,300,9975
,2026-01-07 08:00:00,TikTok,TikTok_Viral,1,400,7829,80,16032
U0618,2026-02-22 03:00:00,Facebook,FB_Summer,0,0,4491,443,1451
U0618,2026-03-09 02:00:00,TikTok,TikTok_Viral,0,0,4681,152,10031
U0618,2026-02-19 08:00:00,TikTok,TikTok_Viral,0,0,1140,449,8681
U0618,2026-02-19 07:00:00,TikTok,TikTok_Viral,0,0,2185,106,9771
U0618,2026-03-08 08:00:00,LinkedIn,LinkedIn_B2B,1,250,7549,208,14228
U0619,2026-01-14 07:00:00,Blog,Content_Marketing,0,0,6475,334,19822
U0620,2026-02-16 15:30:00,TikTok,TikTok_Viral,0,0,7305,333,14753
U0620,2026-02-13 00:00:00,Blog,Content_Marketing,0,0,6905,441,14921
U0620,2026-03-31 08:00:00,LinkedIn,LinkedIn_B2B,0,0,5928,339,19481
U0620,2026-01-13 12:00:00,LinkedIn,LinkedIn_B2B,0,0,1375,489,12014
U0620,2026-03-02 07:00:00,LinkedIn,LinkedIn_B2B,0,0,5607,58,3499
U0621,2026-02-22 01:00:00,Facebook,FB_Summer,0,0,1594,102,18975
U0622,2026-01-28 06:00:00,Unknown,FB_Summer,0,0,5812,259,4941
U0622,2026-03-24 18:00:00,LinkedIn,LinkedIn_B2B,0,0,2939,363,4892
U0622,2026-02-02 19:00:00,Google,Google_Search,0,0,1361,293,10079
U0622,2026-01-22 21:00:00,Blog,Content_Marketing,0,0,5010,468,8089
U0623,2026-01-12 16:00:00,Google,Google_Search,0,0,4498,406,12434
U0623,2026-02-27 17:00:00,LinkedIn,LinkedIn_B2B,0,0,6138,342,1699
U0623,2026-01-25 05:00:00,Unknown,LinkedIn_B2B,0,0,2469,150,7850
U0623,2026-01-17 09:00:00,Facebook,FB_Summer,1,400,2101,66,4862
U0624,2026-03-29 13:00:00,LinkedIn,LinkedIn_B2B,0,0,4880,243,1249
U0624,2026-02-17 01:00:00,Facebook,FB_Summer,1,400,1889,93,6162
U0625,2026-02-23 03:00:00,Facebook,FB_Summer,0,0,6846,316,19186
U0625,2026-03-17 18:00:00,Blog,Content_Marketing,0,0,5868,322,19589
U0626,2026-01-23 19:00:00,TikTok,TikTok_Viral,0,0,5966,159,1656
U0626,2026-02-21 09:00:00,Facebook,FB_Summer,1,900,5762,109,5154
U0627,2026-01-15 17:00:00,Blog,Content_Marketing,1,150,7042,468,5430
U0628,2026-01-30 04:00:00,Blog,Content_Marketing,0,0,5453,87,8913
U0629,2026-03-09 17:00:00,LinkedIn,LinkedIn_B2B,0,0,7783,141,2442
U0629,2026-03-04 06:00:00,TikTok,TikTok_Viral,0,0,1732,315,5843
U0629,2026-02-26 02:00:00,Blog,Content_Marketing,0,0,7227,214,16102
U0629,2026-03-29 08:00:00,Unknown,FB_Summer,0,0,1094,449,1895
U0629,2026-01-04 02:00:00,Google,Google_Search,0,0,5799,91,3707
U0630,2026-02-26 17:00:00,Google,Google_Search,0,0,5955,63,5907
U0630,2026-02-10 12:00:00,LinkedIn,LinkedIn_B2B,1,900,3374,435,10572
U0631,2026-03-11 04:00:00,Google,Google_Search,0,0,5023,317,3510
U0631,2026-01-23 09:00:00,Facebook,FB_Summer,0,0,4841,70,17618
U0631,2026-03-01 00:00:00,TikTok,TikTok_Viral,0,0,3012,243,12316
U0632,2026-03-08 08:00:00,LinkedIn,LinkedIn_B2B,0,0,2931,261,5891
U0632,2026-03-07 07:00:00,Unknown,LinkedIn_B2B,0,0,3540,470,6578
U0632,2026-02-18 23:00:00,Blog,Content_Marketing,0,0,1434,258,7813
U0633,2026-03-20 17:00:00,Blog,Content_Marketing,0,0,7327,369,18230
U0633,2026-01-17 02:00:00,Facebook,FB_Summer,1,600,4208,179,18320
U0634,2026-03-22 23:00:00,LinkedIn,LinkedIn_B2B,0,0,4880,305,9159
U0635,2026-01-25 16:00:00,TikTok,TikTok_Viral,0,0,6513,83,5636
U0635,2026-03-21 21:00:00,TikTok,TikTok_Viral,0,0,6484,391,11076
U0635,2026-02-08 05:00:00,TikTok,TikTok_Viral,0,0,2069,238,18312
U0635,2026-01-28 03:00:00,TikTok,TikTok_Viral,0,0,1334,470,13785
U0635,2026-03-22 12:00:00,LinkedIn,LinkedIn_B2B,1,150,3380,493,2386
U0636,2026-03-28 11:00:00,Facebook,FB_Summer,0,0,6973,61,3772
U0636,2026-02-18 09:00:00,TikTok,TikTok_Viral,1,600,5716,467,18378
U0637,2026-01-14 11:00:00,Facebook,FB_Summer,0,0,7802,191,11864
U0637,2026-03-01 19:00:00,Facebook,FB_Summer,0,0,1307,198,2884
U0637,2026-01-31 06:00:00,LinkedIn,LinkedIn_B2B,0,0,3908,149,18242
U0637,2026-03-17 10:00:00,LinkedIn,LinkedIn_B2B,0,0,7608,122,4348
U0637,2026-01-13 22:00:00,Google,Google_Search,0,0,7450,113,18838
U0638,2026-03-17 02:00:00,Facebook,FB_Summer,1,150,4317,379,11584
U0639,2026-01-05 23:00:00,TikTok,TikTok_Viral,0,0,7237,308,17274
U0639,2026-02-19 03:00:00,LinkedIn,LinkedIn_B2B,0,0,5526,418,18185
U0640,2026-01-27 00:00:00,Facebook,FB_Summer,0,0,7378,262,4670
U0641,2026-03-09 00:00:00,Blog,Content_Marketing,0,0,6757,304,9647
U0641,2026-03-18 03:00:00,LinkedIn,LinkedIn_B2B,0,0,6087,398,8002
U0641,2026-02-17 19:00:00,TikTok,TikTok_Viral,0,0,3549,359,3323
U0641,2026-03-09 20:00:00,Google,Google_Search,0,0,2850,168,14008
U0641,2026-03-03 10:00:00,Blog,Content_Marketing,0,0,4336,149,6590
U0642,2026-03-19 16:00:00,Blog,Content_Marketing,0,0,3766,264,3514
U0642,2026-02-02 01:00:00,Google,Google_Search,1,150,5257,324,14344
U0643,2026-02-13 07:00:00,Google,Google_Search,1,400,7477,430,2519
U0644,2026-02-16 15:30:00,Unknown,Google_Search,0,0,2580,497,2814
U0644,2026-01-27 11:00:00,Blog,Content_Marketing,0,0,7248,63,13657
U0644,2026-03-29 14:00:00,Facebook,FB_Summer,0,0,2437,443,8163
U0644,2026-02-13 11:00:00,LinkedIn,LinkedIn_B2B,0,0,4573,342,4564
U0644,2026-03-22 15:00:00,TikTok,TikTok_Viral,0,0,6088,157,18186
U0645,2026-01-15 07:00:00,Google,Google_Search,0,0,4665,449,7359
U0645,2026-02-08 07:00:00,LinkedIn,LinkedIn_B2B,0,0,5330,119,14351
U0645,2026-01-28 07:00:00,Google,Google_Search,1,250,1839,391,13142
U0646,2026-01-07 16:00:00,Blog,Content_Marketing,0,0,7580,198,10363
U0646,2026-01-24 00:00:00,Blog,Content_Marketing,0,0,7613,134,14200
U0646,2026-04-01 18:00:00,Blog,Content_Marketing,0,0,5691,463,13316
U0646,2026-03-12 20:00:00,LinkedIn,LinkedIn_B2B,0,0,6556,439,15948
U0647,2026-03-10 11:00:00,Facebook,FB_Summer,1,250,2203,219,19525
U0648,2026-03-06 09:00:00,Google,Google_Search,1,250,2434,147,4550
U0649,2026-01-19 13:00:00,LinkedIn,LinkedIn_B2B,0,0,4340,368,1752
U0649,2026-03-02 04:00:00,Blog,Content_Marketing,1,150,1250,378,15483
U0650,2026-03-13 23:00:00,LinkedIn,LinkedIn_B2B,0,0,6427,358,12855
U0650,2026-03-08 04:00:00,Unknown,FB_Summer,1,150,7707,195,1100
U0651,2026-01-19 22:00:00,Unknown,Google_Search,0,0,7591,484,5824
U0651,2026-03-17 11:00:00,TikTok,TikTok_Viral,0,0,1765,451,19042
U0651,2026-03-15 12:00:00,TikTok,TikTok_Viral,1,600,2774,57,19408
U0652,2026-03-28 21:00:00,Google,Google_Search,0,0,3569,342,12037
U0652,2026-02-02 06:00:00,Google,Google_Search,0,0,5813,457,11182
U0652,2026-02-04 20:00:00,Blog,Content_Marketing,0,0,2345,294,8331
U0652,2026-01-01 21:00:00,Google,Google_Search,1,600,4189,82,2807
U0653,2026-01-26 02:00:00,Blog,Content_Marketing,1,600,7746,471,1835
U0654,2026-03-09 01:00:00,TikTok,TikTok_Viral,0,0,5968,87,11531
U0655,2026-01-23 20:00:00,TikTok,TikTok_Viral,1,900,6259,260,5707
U0656,2026-03-23 08:00:00,Facebook,FB_Summer,1,400,5905,194,13803
U0657,2026-01-18 23:00:00,TikTok,TikTok_Viral,0,0,5884,120,12290
U0657,2026-03-13 02:00:00,Google,Google_Search,0,0,4884,246,2562
U0658,2026-01-03 12:00:00,LinkedIn,LinkedIn_B2B,0,0,2599,151,7640
U0658,2026-01-30 02:00:00,TikTok,TikTok_Viral,0,0,6856,137,7639
U0659,2026-03-01 17:00:00,Google,Google_Search,0,0,2345,397,4331
,2026-03-19 05:00:00,Google,Google_Search,0,0,2949,472,17819
U0659,2026-01-17 14:00:00,LinkedIn,LinkedIn_B2B,1,600,1993,147,8151
U0660,2026-02-07 09:00:00,Blog,Content_Marketing,0,0,5741,215,2565
U0660,2026-02-20 09:00:00,Facebook,FB_Summer,0,0,3256,195,2733
U0660,2026-02-27 06:00:00,Facebook,FB_Summer,0,0,5376,105,5645
U0660,2026-03-05 21:00:00,TikTok,TikTok_Viral,0,0,7831,132,4023
U0661,2026-03-22 06:00:00,Google,Google_Search,0,0,5690,329,12145
U0661,2026-03-29 19:00:00,TikTok,TikTok_Viral,0,0,2897,497,18673
U0661,2026-01-15 16:00:00,Facebook,FB_Summer,0,0,1238,223,8500
U0661,2026-02-27 23:00:00,Blog,Content_Marketing,0,0,6891,375,15047
U0662,2026-03-03 22:00:00,TikTok,TikTok_Viral,0,0,4318,315,5801
U0662,2026-02-16 00:00:00,Google,Google_Search,0,0,2400,142,8337
U0662,2026-02-11 21:00:00,LinkedIn,LinkedIn_B2B,0,0,6403,237,1486
U0662,2026-03-11 14:00:00,LinkedIn,LinkedIn_B2B,0,0,2231,425,3387
U0663,2026-03-15 04:00:00,Google,Google_Search,0,0,5867,70,19269
U0663,2026-03-10 21:00:00,Blog,Content_Marketing,0,0,3365,451,18915
U0663,2026-01-21 04:00:00,Google,Google_Search,0,0,1277,359,8530
U0663,2026-02-25 23:00:00,Blog,Content_Marketing,0,0,3390,381,5259
U0663,2026-03-19 10:00:00,LinkedIn,LinkedIn_B2B,0,0,1540,381,3752
U0664,2026-03-22 17:00:00,TikTok,TikTok_Viral,0,0,1293,405,15463
U0664,2026-02-15 05:00:00,Google,Google_Search,0,0,4912,150,18670
U0664,2026-01-04 19:00:00,Facebook,FB_Summer,1,400,6030,82,16119
U0665,2026-03-11 04:00:00,TikTok,TikTok_Viral,0,0,5073,417,6043
U0665,2026-02-10 16:00:00,Facebook,FB_Summer,0,0,7476,379,18437
,2026-03-29 16:00:00,LinkedIn,LinkedIn_B2B,0,0,7491,171,13080
U0665,2026-03-31 08:00:00,Google,Google_Search,1,900,7189,249,13482
U0666,2026-03-14 01:00:00,TikTok,TikTok_Viral,0,0,5438,140,12227
U0666,2026-02-04 08:00:00,LinkedIn,LinkedIn_B2B,0,0,4228,150,5599
U0666,2026-03-20 09:00:00,LinkedIn,LinkedIn_B2B,0,0,6599,322,19876
U0666,2026-02-20 07:00:00,LinkedIn,LinkedIn_B2B,0,0,5690,102,12147
U0666,2026-01-22 08:00:00,TikTok,TikTok_Viral,1,400,5366,439,12071
U0667,2026-02-19 05:00:00,LinkedIn,LinkedIn_B2B,0,0,2815,494,8283
U0667,2026-03-09 19:00:00,LinkedIn,LinkedIn_B2B,0,0,5132,104,19347
U0667,2026-02-17 11:00:00,TikTok,TikTok_Viral,0,0,4164,485,19306
U0667,2026-01-03 19:00:00,LinkedIn,LinkedIn_B2B,0,0,7757,183,8346
U0668,2026-03-22 19:00:00,LinkedIn,LinkedIn_B2B,1,150,5726,88,4709
U0669,2026-01-07 06:00:00,Facebook,FB_Summer,0,0,3204,456,2235
U0669,2026-02-16 06:00:00,Google,Google_Search,0,0,1880,217,11740
U0669,2026-01-14 06:00:00,Facebook,FB_Summer,0,0,7697,264,16592
U0669,2026-01-13 07:00:00,Blog,Content_Marketing,1,900,1131,367,9708
U0670,2026-01-12 01:00:00,LinkedIn,LinkedIn_B2B,0,0,5335,112,18161
U0670,2026-03-13 01:00:00,TikTok,TikTok_Viral,0,0,1055,189,12828
U0671,2026-03-09 17:00:00,Blog,Content_Marketing,0,0,2121,219,19265
U0671,2026-02-23 01:00:00,TikTok,TikTok_Viral,1,150,4403,455,15738
U0672,2026-02-08 05:00:00,LinkedIn,LinkedIn_B2B,0,0,7068,392,10162
U0672,2026-03-22 10:00:00,Blog,Content_Marketing,0,0,3599,453,10438
U0672,2026-03-06 04:00:00,Facebook,FB_Summer,0,0,1679,465,15028
U0672,2026-02-16 15:30:00,Unknown,LinkedIn_B2B,0,0,2277,460,11054
U0672,2026-03-23 07:00:00,LinkedIn,LinkedIn_B2B,1,900,2936,117,4792
U0673,2026-01-27 00:00:00,Google,Google_Search,0,0,6188,374,14948
U0673,2026-01-24 21:00:00,Blog,Content_Marketing,0,0,5299,365,13552
U0673,2026-03-17 19:00:00,TikTok,TikTok_Viral,1,400,7966,403,8277
U0674,2026-02-07 20:00:00,TikTok,TikTok_Viral,0,0,7930,313,6495
U0674,2026-02-06 06:00:00,LinkedIn,LinkedIn_B2B,0,0,7664,138,18804
U0674,2026-01-18 06:00:00,Google,Google_Search,0,0,7890,380,1232
U0674,2026-03-21 02:00:00,LinkedIn,LinkedIn_B2B,1,900,5256,175,14610
U0675,2026-01-27 22:00:00,Facebook,FB_Summer,0,0,7282,291,14239
U0675,2026-04-01 02:00:00,Blog,Content_Marketing,0,0,3867,295,16212
U0675,2026-02-03 23:00:00,LinkedIn,LinkedIn_B2B,1,900,2111,244,6071
U0676,2026-01-19 19:00:00,LinkedIn,LinkedIn_B2B,0,0,7077,282,13530
U0676,2026-01-31 23:00:00,Blog,Content_Marketing,0,0,6884,275,4962
U0676,2026-01-23 02:00:00,TikTok,TikTok_Viral,0,0,6875,422,8119
U0676,2026-03-25 18:00:00,Blog,Content_Marketing,0,0,3669,143,6653
U0676,2026-03-15 18:00:00,Facebook,FB_Summer,0,0,2402,101,14995
U0677,2026-01-31 17:00:00,LinkedIn,LinkedIn_B2B,0,0,6351,236,9012
U0677,2026-03-11 06:00:00,Blog,Content_Marketing,0,0,2000,300,16172
U0677,2026-01-29 05:00:00,TikTok,TikTok_Viral,0,0,5677,220,9553
U0678,2026-01-15 05:00:00,Blog,Content_Marketing,0,0,5769,274,1088
U0678,2026-03-15 05:00:00,Facebook,FB_Summer,0,0,6461,355,16352
U0678,2026-03-05 23:00:00,Blog,Content_Marketing,1,900,3677,120,19991
U0679,2026-01-20 00:00:00,Facebook,FB_Summer,0,0,7498,236,14013
U0679,2026-03-12 06:00:00,Google,Google_Search,0,0,5540,300,16256
U0679,2026-03-06 16:00:00,Blog,Content_Marketing,0,0,6679,428,13196
U0679,2026-02-15 05:00:00,Blog,Content_Marketing,0,0,7542,478,2325
U0679,2026-01-03 08:00:00,Facebook,FB_Summer,1,150,1671,467,19765
U0680,2026-02-28 02:00:00,Google,Google_Search,0,0,6963,342,4066
U0680,2026-01-20 20:00:00,Google,Google_Search,0,0,5807,433,12411
U0680,2026-01-12 09:00:00,Google,Google_Search,0,0,5189,148,2857
U0680,2026-01-26 00:00:00,Blog,Content_Marketing,0,0,6626,353,17379
U0680,2026-03-19 03:00:00,Google,Google_Search,1,400,2243,109,7791
U0681,2026-02-22 14:00:00,TikTok,TikTok_Viral,0,0,7319,431,3924
U0681,2026-01-15 12:00:00,Google,Google_Search,0,0,1990,366,2045
U0682,2026-03-26 23:00:00,LinkedIn,LinkedIn_B2B,0,0,2621,368,8015
U0682,2026-02-07 18:00:00,Google,Google_Search,0,0,1109,388,6860
U0682,2026-03-25 21:00:00,TikTok,TikTok_Viral,0,0,7261,451,10242
U0682,2026-01-13 02:00:00,Facebook,FB_Summer,0,0,6122,318,5607
U0683,2026-03-27 10:00:00,Blog,Content_Marketing,0,0,2055,58,7345
U0683,2026-02-14 23:00:00,LinkedIn,LinkedIn_B2B,0,0,7029,385,1040
U0683,2026-03-27 18:00:00,Facebook,FB_Summer,0,0,5067,471,1559
U0684,2026-01-16 04:00:00,TikTok,TikTok_Viral,1,150,3675,326,13015
U0685,2026-01-28 00:00:00,Facebook,FB_Summer,0,0,2279,63,5615
U0685,2026-01-07 13:00:00,TikTok,TikTok_Viral,0,0,5567,303,10107
U0685,2026-01-22 19:00:00,Google,Google_Search,0,0,1699,270,14965
U0685,2026-01-03 13:00:00,Blog,Content_Marketing,1,250,6325,104,12219
U0686,2026-03-29 20:00:00,Facebook,FB_Summer,0,0,3338,66,9182
U0686,2026-01-16 00:00:00,Google,Google_Search,0,0,5066,338,15793
U0686,2026-02-24 09:00:00,LinkedIn,LinkedIn_B2B,1,250,7376,228,13188
U0687,2026-02-01 08:00:00,Facebook,FB_Summer,0,0,3057,286,15227
U0687,2026-01-15 01:00:00,Google,Google_Search,0,0,5212,112,2269
U0687,2026-01-04 23:00:00,Facebook,FB_Summer,1,600,4265,191,3948
U0688,2026-03-08 01:00:00,TikTok,TikTok_Viral,0,0,6490,237,15672
U0688,2026-01-19 18:00:00,Google,Google_Search,0,0,6769,81,16186
U0688,2026-01-26 16:00:00,Google,Google_Search,0,0,4784,414,8510
U0688,2026-01-11 01:00:00,LinkedIn,LinkedIn_B2B,0,0,3257,301,10838
U0689,2026-02-16 15:30:00,Facebook,FB_Summer,0,0,3858,322,18305
U0689,2026-02-27 13:00:00,LinkedIn,LinkedIn_B2B,1,600,2675,111,19391
U0690,2026-03-27 06:00:00,Facebook,FB_Summer,1,400,4600,180,15335
U0691,2026-01-11 11:00:00,Facebook,FB_Summer,0,0,6730,487,16564
U0691,2026-01-05 01:00:00,Google,Google_Search,0,0,3544,219,1817
U0691,2026-01-15 01:00:00,Google,Google_Search,0,0,3066,69,1643
U0691,2026-03-16 07:00:00,LinkedIn,LinkedIn_B2B,1,600,6856,338,9832
U0692,2026-02-01 21:00:00,LinkedIn,LinkedIn_B2B,0,0,1346,180,17444
U0692,2026-03-17 09:00:00,Google,Google_Search,0,0,4235,451,18340
U0692,2026-03-23 07:00:00,TikTok,TikTok_Viral,0,0,6612,111,14584
U0692,2026-03-19 17:00:00,TikTok,TikTok_Viral,0,0,1815,126,8087
U0692,2026-02-06 01:00:00,TikTok,TikTok_Viral,0,0,7806,139,11561
U0693,2026-03-30 16:00:00,Facebook,FB_Summer,0,0,1933,362,15616
U0693,2026-01-09 22:00:00,Google,Google_Search,0,0,7947,388,5573
U0693,2026-01-28 14:00:00,Google,Google_Search,0,0,7916,137,4463
U0693,2026-02-22 01:00:00,Google,Google_Search,0,0,6167,461,9503
U0694,2026-02-17 21:00:00,Facebook,FB_Summer,0,0,5132,449,15699
U0695,2026-02-26 00:00:00,Google,Google_Search,0,0,3373,388,17653
U0695,2026-01-10 17:00:00,Google,Google_Search,0,0,2132,132,4940
U0696,2026-03-07 23:00:00,Blog,Content_Marketing,0,0,5152,241,15341
U0696,2026-03-11 05:00:00,Google,Google_Search,0,0,4430,292,11492
U0696,2026-03-27 02:00:00,TikTok,TikTok_Viral,0,0,5615,93,10815
U0696,2026-02-21 02:00:00,Blog,Content_Marketing,1,400,5185,305,9860
U0697,2026-03-06 04:00:00,Blog,Content_Marketing,0,0,6490,484,16634
U0697,2026-02-04 01:00:00,Google,Google_Search,1,600,7475,95,14877
U0698,2026-01-06 15:00:00,TikTok,TikTok_Viral,1,400,3327,395,19127
U0699,2026-02-18 11:00:00,LinkedIn,LinkedIn_B2B,0,0,7593,387,14046
U0699,2026-02-07 20:00:00,Facebook,FB_Summer,0,0,6240,194,13331
U0699,2026-03-11 07:00:00,TikTok,TikTok_Viral,0,0,3176,281,17767
U0699,2026-01-20 02:00:00,LinkedIn,LinkedIn_B2B,0,0,4161,122,6236
U0699,2026-03-16 07:00:00,LinkedIn,LinkedIn_B2B,1,150,2024,50,17466
U0700,2026-03-10 12:00:00,LinkedIn,LinkedIn_B2B,0,0,4570,120,9471
U0700,2026-03-03 04:00:00,TikTok,TikTok_Viral,0,0,5716,84,14923
U0700,2026-03-21 02:00:00,Google,Google_Search,0,0,1925,350,9135
U0700,2026-03-26 19:00:00,LinkedIn,LinkedIn_B2B,0,0,2675,415,14349
U0700,2026-01-30 06:00:00,Unknown,Google_Search,1,150,2528,177,2434
U0701,2026-03-07 03:00:00,Blog,Content_Marketing,0,0,2356,234,10123
U0701,2026-03-05 04:00:00,LinkedIn,LinkedIn_B2B,0,0,6327,66,7332
U0701,2026-02-05 00:00:00,LinkedIn,LinkedIn_B2B,1,400,4850,436,16867
U0702,2026-03-18 17:00:00,Unknown,LinkedIn_B2B,0,0,5432,423,1093
U0703,2026-01-19 03:00:00,Blog,Content_Marketing,0,0,7945,103,8421
U0703,2026-03-21 05:00:00,LinkedIn,LinkedIn_B2B,0,0,5472,266,18642
U0703,2026-02-01 22:00:00,Blog,Content_Marketing,0,0,4607,209,17604
U0703,2026-03-14 09:00:00,TikTok,TikTok_Viral,1,900,5819,183,11274
U0704,2026-03-20 04:00:00,Google,Google_Search,0,0,6631,449,16655
U0705,2026-03-30 01:00:00,TikTok,TikTok_Viral,0,0,6593,422,3027
U0705,2026-03-18 17:00:00,Facebook,FB_Summer,0,0,4450,210,9144
U0705,2026-04-01 20:00:00,TikTok,TikTok_Viral,1,150,4050,356,2828
U0706,2026-01-07 00:00:00,Google,Google_Search,0,0,2113,202,18378
U0706,2026-02-02 05:00:00,Blog,Content_Marketing,0,0,6590,492,9977
U0706,2026-03-20 13:00:00,Blog,Content_Marketing,0,0,4570,184,6302
U0706,2026-02-09 10:00:00,Google,Google_Search,1,900,3784,325,1956
U0707,2026-02-10 07:00:00,LinkedIn,LinkedIn_B2B,0,0,4482,116,8946
U0707,2026-02-03 12:00:00,LinkedIn,LinkedIn_B2B,0,0,2509,444,14721
U0707,2026-03-31 09:00:00,LinkedIn,LinkedIn_B2B,0,0,5982,227,8500
U0707,2026-01-02 22:00:00,Google,Google_Search,0,0,1970,139,5985
U0707,2026-01-24 14:00:00,LinkedIn,LinkedIn_B2B,1,900,4882,209,14147
U0708,2026-01-09 12:00:00,Blog,Content_Marketing,0,0,1818,97,13206
U0708,2026-02-02 17:00:00,Blog,Content_Marketing,1,400,1050,439,18591
U0709,2026-03-17 16:00:00,TikTok,TikTok_Viral,0,0,5577,115,7418
U0710,2026-03-18 11:00:00,Unknown,Content_Marketing,0,0,7569,189,15618
U0711,2026-01-22 20:00:00,LinkedIn,LinkedIn_B2B,0,0,2348,77,7681
U0711,2026-02-02 07:00:00,Blog,Content_Marketing,1,600,4523,227,13644
U0712,2026-03-12 11:00:00,TikTok,TikTok_Viral,0,0,3168,313,6728
U0712,2026-01-17 03:00:00,LinkedIn,LinkedIn_B2B,0,0,3656,499,9297
U0712,2026-02-04 01:00:00,LinkedIn,LinkedIn_B2B,0,0,6347,238,10345
U0712,2026-02-13 23:00:00,TikTok,TikTok_Viral,0,0,1912,121,7342
U0712,2026-02-27 09:00:00,Facebook,FB_Summer,0,0,5024,399,3780
U0713,2026-01-27 07:00:00,TikTok,TikTok_Viral,0,0,2362,300,6561
U0713,2026-01-25 17:00:00,Google,Google_Search,0,0,4889,231,1413
U0713,2026-01-08 02:00:00,Blog,Content_Marketing,0,0,1341,180,11779
U0713,2026-01-05 12:00:00,Facebook,FB_Summer,1,900,6891,329,17483
U0714,2026-01-30 10:00:00,Unknown,Content_Marketing,0,0,6734,453,4402
U0714,2026-01-09 22:00:00,Blog,Content_Marketing,1,250,5212,84,14925
U0715,2026-02-02 08:00:00,LinkedIn,LinkedIn_B2B,0,0,4502,77,18423
U0715,2026-03-10 11:00:00,Facebook,FB_Summer,0,0,4689,410,19103
U0715,2026-01-02 20:00:00,Google,Google_Search,0,0,6484,214,8894
U0716,2026-03-10 14:00:00,Facebook,FB_Summer,0,0,5414,426,13648
U0716,2026-03-14 18:00:00,Blog,Content_Marketing,0,0,2269,441,2996
U0716,2026-02-10 15:00:00,LinkedIn,LinkedIn_B2B,0,0,3246,479,15726
U0716,2026-02-02 12:00:00,Facebook,FB_Summer,0,0,5900,326,13495
U0716,2026-01-23 08:00:00,LinkedIn,LinkedIn_B2B,0,0,2854,353,15730
U0717,2026-03-14 03:00:00,Facebook,FB_Summer,0,0,5503,305,1985
U0717,2026-01-21 18:00:00,TikTok,TikTok_Viral,1,150,1404,414,19942
U0718,2026-01-19 03:00:00,Facebook,FB_Summer,0,0,2439,51,1533
U0718,2026-03-30 16:00:00,Google,Google_Search,0,0,1244,310,19288
,2026-02-19 03:00:00,TikTok,TikTok_Viral,0,0,4052,246,4045
U0718,2026-01-08 23:00:00,LinkedIn,LinkedIn_B2B,0,0,6323,174,3786
U0718,2026-03-07 01:00:00,Blog,Content_Marketing,1,150,7278,488,19033
U0719,2026-02-09 13:00:00,LinkedIn,LinkedIn_B2B,0,0,7472,100,2142
U0719,2026-02-16 15:30:00,Google,Google_Search,1,150,4311,143,1114
U0720,2026-03-17 12:00:00,Unknown,LinkedIn_B2B,0,0,6644,73,15283
U0720,2026-03-27 12:00:00,Unknown,TikTok_Viral,0,0,6302,251,13155
U0720,2026-01-12 22:00:00,LinkedIn,LinkedIn_B2B,1,250,2841,194,1051
U0721,2026-02-21 19:00:00,Google,Google_Search,0,0,6067,290,2374
U0721,2026-03-20 00:00:00,Blog,Content_Marketing,0,0,4438,330,7629
U0721,2026-03-12 04:00:00,LinkedIn,LinkedIn_B2B,0,0,4319,131,13727
U0721,2026-02-28 00:00:00,Blog,Content_Marketing,1,400,5260,375,19538
U0722,2026-03-29 21:00:00,Blog,Content_Marketing,1,900,1250,239,15049
U0723,2026-01-10 18:00:00,TikTok,TikTok_Viral,0,0,2939,114,1729
U0723,2026-01-17 13:00:00,Google,Google_Search,1,400,7957,373,18104
U0724,2026-01-02 09:00:00,Unknown,TikTok_Viral,0,0,5682,238,5561
U0724,2026-03-01 11:00:00,Google,Google_Search,0,0,4772,299,15972
U0724,2026-04-01 02:00:00,LinkedIn,LinkedIn_B2B,0,0,5932,144,3445
U0724,2026-03-11 21:00:00,Google,Google_Search,0,0,1752,361,14199
U0724,2026-02-25 08:00:00,Facebook,FB_Summer,0,0,3738,312,3439
U0725,2026-02-16 08:00:00,LinkedIn,LinkedIn_B2B,0,0,6578,200,13217
U0725,2026-01-06 10:00:00,Unknown,TikTok_Viral,0,0,5734,122,5139
U0725,2026-02-16 15:30:00,LinkedIn,LinkedIn_B2B,0,0,1519,373,14084
U0725,2026-04-01 10:00:00,Facebook,FB_Summer,0,0,2730,473,5456
U0726,2026-03-06 05:00:00,Facebook,FB_Summer,0,0,7451,193,1165
U0726,2026-01-12 15:00:00,Google,Google_Search,0,0,2497,132,9579
U0726,2026-01-31 02:00:00,TikTok,TikTok_Viral,1,900,5442,456,13227
U0727,2026-01-08 11:00:00,Google,Google_Search,1,900,1483,96,4806
U0728,2026-03-20 05:00:00,Google,Google_Search,0,0,7686,386,3823
U0728,2026-01-24 13:00:00,LinkedIn,LinkedIn_B2B,0,0,2862,468,15437
U0728,2026-03-14 04:00:00,Google,Google_Search,0,0,4524,353,11286
U0728,2026-01-01 15:00:00,Google,Google_Search,0,0,1709,499,17520
U0728,2026-02-09 17:00:00,Blog,Content_Marketing,1,400,6290,122,19595
U0729,2026-03-17 17:00:00,TikTok,TikTok_Viral,0,0,2077,354,9424
U0729,2026-03-02 03:00:00,LinkedIn,LinkedIn_B2B,0,0,7496,419,17864
U0729,2026-03-02 06:00:00,Facebook,FB_Summer,0,0,7312,421,3317
U0729,2026-02-03 10:00:00,Google,Google_Search,0,0,6003,256,8267
U0729,2026-01-09 14:00:00,Facebook,FB_Summer,1,900,7477,422,12794
U0730,2026-01-31 10:00:00,Blog,Content_Marketing,0,0,4322,491,9945
U0730,2026-02-25 01:00:00,Blog,Content_Marketing,0,0,2794,417,9236
U0730,2026-03-11 16:00:00,LinkedIn,LinkedIn_B2B,0,0,7555,166,13537
U0730,2026-02-21 04:00:00,LinkedIn,LinkedIn_B2B,1,250,7687,277,10066
U0731,2026-02-27 19:00:00,LinkedIn,LinkedIn_B2B,1,600,2306,155,19499
U0732,2026-01-05 17:00:00,Blog,Content_Marketing,0,0,1348,302,11140
U0732,2026-03-27 19:00:00,Google,Google_Search,0,0,1820,286,17630
U0733,2026-03-29 00:00:00,Blog,Content_Marketing,0,0,4646,399,13748
U0733,2026-03-29 22:00:00,Google,Google_Search,0,0,6087,239,8661
U0733,2026-02-04 22:00:00,LinkedIn,LinkedIn_B2B,0,0,1677,391,5431
U0733,2026-02-26 10:00:00,Facebook,FB_Summer,0,0,1487,55,6174
U0734,2026-02-10 03:00:00,Google,Google_Search,0,0,3842,458,9507
U0734,2026-03-23 19:00:00,Unknown,TikTok_Viral,0,0,7838,302,4273
U0734,2026-04-01 06:00:00,TikTok,TikTok_Viral,0,0,3898,412,12998
U0734,2026-01-30 21:00:00,Unknown,Google_Search,0,0,4216,197,8085
U0735,2026-03-30 18:00:00,Facebook,FB_Summer,0,0,1257,499,8029
U0735,2026-01-06 16:00:00,TikTok,TikTok_Viral,0,0,1589,327,10826
U0735,2026-01-13 07:00:00,Blog,Content_Marketing,0,0,2427,329,12769
U0736,2026-03-29 18:00:00,LinkedIn,LinkedIn_B2B,0,0,1272,80,14354
,2026-02-16 15:30:00,TikTok,TikTok_Viral,0,0,7752,330,2926
U0736,2026-03-11 12:00:00,Unknown,Google_Search,1,150,6697,173,16695
U0737,2026-01-28 21:00:00,Facebook,FB_Summer,0,0,6725,241,8373
U0737,2026-01-01 12:00:00,Google,Google_Search,0,0,2287,221,11750
U0737,2026-01-28 05:00:00,Google,Google_Search,0,0,2740,244,11259
U0737,2026-01-17 12:00:00,LinkedIn,LinkedIn_B2B,0,0,2505,348,3003
U0737,2026-03-26 18:00:00,Facebook,FB_Summer,1,250,3520,219,4121
U0738,2026-03-15 01:00:00,Google,Google_Search,0,0,1380,232,9004
,2026-02-02 07:00:00,Blog,Content_Marketing,1,600,4145,251,15551
U0740,2026-01-01 09:00:00,Blog,Content_Marketing,0,0,4739,221,19434
U0740,2026-03-11 14:00:00,Blog,Content_Marketing,0,0,2400,353,14877
U0741,2026-01-06 07:00:00,TikTok,TikTok_Viral,0,0,2467,458,1277
U0741,2026-02-28 11:00:00,Facebook,FB_Summer,0,0,4795,62,5131
U0741,2026-02-26 03:00:00,Google,Google_Search,0,0,6846,434,19046
U0742,2026-02-25 22:00:00,Facebook,FB_Summer,0,0,6943,388,6600
U0743,2026-01-16 16:00:00,Unknown,Content_Marketing,1,400,3998,339,4095
U0744,2026-03-06 13:00:00,Google,Google_Search,0,0,1668,423,11254
U0744,2026-03-01 22:00:00,Blog,Content_Marketing,0,0,4127,334,17933
U0744,2026-04-01 01:00:00,Google,Google_Search,0,0,4921,323,8076
U0744,2026-03-12 12:00:00,Google,Google_Search,0,0,4928,138,17681
U0745,2026-01-07 21:00:00,LinkedIn,LinkedIn_B2B,0,0,7176,294,6325
U0745,2026-01-07 05:00:00,Google,Google_Search,0,0,6122,479,8492
U0745,2026-03-26 04:00:00,Facebook,FB_Summer,1,400,3283,385,7927
U0746,2026-02-23 11:00:00,Google,Google_Search,0,0,6514,114,1427
U0746,2026-01-05 20:00:00,Facebook,FB_Summer,0,0,6700,126,8176
U0747,2026-03-05 11:00:00,TikTok,TikTok_Viral,0,0,2996,240,7355
U0747,2026-01-17 16:00:00,Unknown,Google_Search,0,0,3076,252,7456
U0748,2026-03-18 07:00:00,LinkedIn,LinkedIn_B2B,0,0,4259,349,4144
U0749,2026-01-10 21:00:00,Facebook,FB_Summer,0,0,4405,399,3425
U0749,2026-02-08 12:00:00,TikTok,TikTok_Viral,0,0,5768,433,18396
U0749,2026-01-16 00:00:00,Facebook,FB_Summer,0,0,7727,191,3191
U0749,2026-02-19 12:00:00,Blog,Content_Marketing,0,0,2663,110,14755
U0749,2026-01-02 16:00:00,TikTok,TikTok_Viral,1,150,7891,263,13886
U0750,2026-01-30 22:00:00,TikTok,TikTok_Viral,0,0,7587,251,12863
U0750,2026-01-08 09:00:00,LinkedIn,LinkedIn_B2B,0,0,3461,385,2185
U0750,2026-02-25 12:00:00,TikTok,TikTok_Viral,0,0,2544,417,8363
,2026-02-23 11:00:00,Blog,Content_Marketing,0,0,4716,147,5242
U0751,2026-02-25 03:00:00,Facebook,FB_Summer,0,0,7437,260,5503
U0751,2026-03-25 17:00:00,LinkedIn,LinkedIn_B2B,1,600,6563,313,17817
U0752,2026-03-29 19:00:00,Blog,Content_Marketing,1,900,6238,172,11195
U0753,2026-01-29 06:00:00,LinkedIn,LinkedIn_B2B,1,600,6899,194,16103
U0754,2026-02-16 17:00:00,Google,Google_Search,0,0,7678,67,8893
U0754,2026-01-11 22:00:00,Google,Google_Search,1,400,4323,64,13250
U0755,2026-02-19 22:00:00,TikTok,TikTok_Viral,0,0,4715,255,9790
U0755,2026-01-26 11:00:00,LinkedIn,LinkedIn_B2B,0,0,3218,251,13670
U0755,2026-03-06 12:00:00,Blog,Content_Marketing,1,400,3296,114,3591
U0756,2026-02-17 00:00:00,LinkedIn,LinkedIn_B2B,0,0,7871,366,11038
U0756,2026-01-12 10:00:00,Blog,Content_Marketing,1,400,7443,240,19865
U0757,2026-02-27 05:00:00,Unknown,LinkedIn_B2B,0,0,3262,119,8851
U0757,2026-03-17 03:00:00,LinkedIn,LinkedIn_B2B,0,0,3342,76,9676
U0757,2026-03-16 06:00:00,Blog,Content_Marketing,0,0,7689,109,10863
U0757,2026-02-09 06:00:00,LinkedIn,LinkedIn_B2B,1,600,2802,386,16004
U0758,2026-01-04 17:00:00,Google,Google_Search,0,0,5348,470,12674
U0758,2026-01-19 03:00:00,Facebook,FB_Summer,0,0,5562,193,11431
U0759,2026-03-26 08:00:00,LinkedIn,LinkedIn_B2B,0,0,5140,458,16094
U0759,2026-02-04 21:00:00,Unknown,LinkedIn_B2B,1,150,5073,149,6360
U0760,2026-01-19 07:00:00,LinkedIn,LinkedIn_B2B,1,600,4522,254,11614
U0761,2026-03-01 00:00:00,Facebook,FB_Summer,0,0,1382,440,12701
U0761,2026-02-26 17:00:00,Facebook,FB_Summer,0,0,6317,315,2495
U0761,2026-01-04 04:00:00,Google,Google_Search,0,0,1538,208,7104
U0761,2026-03-01 21:00:00,LinkedIn,LinkedIn_B2B,1,150,5949,204,8428
U0762,2026-02-20 16:00:00,Facebook,FB_Summer,0,0,2347,67,7503
U0762,2026-01-26 12:00:00,Google,Google_Search,0,0,7353,250,6767
U0762,2026-03-18 20:00:00,Google,Google_Search,0,0,7423,176,12271
U0762,2026-02-17 19:00:00,Facebook,FB_Summer,0,0,2746,170,5861
U0762,2026-01-20 20:00:00,Facebook,FB_Summer,0,0,6045,147,18111
U0763,2026-02-06 11:00:00,Google,Google_Search,0,0,7403,475,8276
U0763,2026-01-29 04:00:00,LinkedIn,LinkedIn_B2B,0,0,1284,290,14012
U0763,2026-01-07 17:00:00,Google,Google_Search,0,0,5973,304,4958
U0763,2026-01-21 06:00:00,Blog,Content_Marketing,0,0,2277,252,4269
U0763,2026-03-24 17:00:00,LinkedIn,LinkedIn_B2B,0,0,6178,143,3937
U0764,2026-03-10 08:00:00,LinkedIn,LinkedIn_B2B,0,0,7174,184,5293
U0764,2026-01-27 06:00:00,Facebook,FB_Summer,0,0,2322,414,17657
U0764,2026-03-23 03:00:00,Google,Google_Search,0,0,3835,336,19549
U0764,2026-03-27 21:00:00,Facebook,FB_Summer,1,600,3897,257,2873
U0765,2026-02-13 06:00:00,Blog,Content_Marketing,0,0,7824,375,16688
U0765,2026-01-09 20:00:00,Facebook,FB_Summer,0,0,7496,301,10036
U0765,2026-01-31 00:00:00,Google,Google_Search,0,0,3497,445,4998
,2026-02-11 04:00:00,Blog,Content_Marketing,0,0,4156,139,14149
U0766,2026-01-30 18:00:00,TikTok,TikTok_Viral,1,250,1518,210,10071
U0767,2026-02-10 08:00:00,LinkedIn,LinkedIn_B2B,0,0,6404,84,13068
U0767,2026-02-24 23:00:00,Google,Google_Search,0,0,6515,225,11811
U0767,2026-02-04 00:00:00,TikTok,TikTok_Viral,0,0,4079,353,7931
U0767,2026-02-11 14:00:00,Blog,Content_Marketing,0,0,4908,461,1017
U0768,2026-01-22 13:00:00,LinkedIn,LinkedIn_B2B,0,0,6341,304,4148
U0768,2026-03-26 02:00:00,Facebook,FB_Summer,0,0,2995,434,15090
U0769,2026-03-10 18:00:00,TikTok,TikTok_Viral,0,0,5286,292,8065
U0769,2026-01-22 13:00:00,Google,Google_Search,0,0,5931,444,7074
U0769,2026-02-26 20:00:00,Facebook,FB_Summer,0,0,3778,406,19899
U0769,2026-03-10 19:00:00,Blog,Content_Marketing,0,0,7886,376,7815
U0769,2026-03-31 22:00:00,Blog,Content_Marketing,1,600,7307,245,11774
U0770,2026-03-07 21:00:00,Google,Google_Search,0,0,2910,113,5742
U0770,2026-01-21 03:00:00,Unknown,Google_Search,0,0,3859,298,13390
U0770,2026-02-06 18:00:00,LinkedIn,LinkedIn_B2B,1,150,1056,414,2636
U0771,2026-03-13 14:00:00,TikTok,TikTok_Viral,0,0,4565,304,14137
U0772,2026-02-27 09:00:00,Blog,Content_Marketing,0,0,4159,227,14979
U0772,2026-02-02 10:00:00,Google,Google_Search,0,0,6726,162,16409
U0772,2026-01-05 18:00:00,Facebook,FB_Summer,1,900,6050,145,16217
U0773,2026-03-23 18:00:00,Google,Google_Search,0,0,2824,214,7746
U0773,2026-03-30 11:00:00,Google,Google_Search,0,0,3865,106,6292
U0773,2026-01-21 14:00:00,Blog,Content_Marketing,0,0,1641,486,11289
U0773,2026-02-07 16:00:00,Blog,Content_Marketing,0,0,3747,363,13893
U0774,2026-03-26 13:00:00,TikTok,TikTok_Viral,0,0,3393,431,8255
U0774,2026-04-01 08:00:00,LinkedIn,LinkedIn_B2B,0,0,1993,252,19657
U0774,2026-03-17 07:00:00,Blog,Content_Marketing,1,250,3117,191,19950
U0775,2026-03-15 08:00:00,Facebook,FB_Summer,0,0,6537,478,19394
U0775,2026-01-19 07:00:00,Facebook,FB_Summer,0,0,5959,420,16631
U0775,2026-03-15 21:00:00,Facebook,FB_Summer,0,0,5772,489,9834
U0775,2026-02-16 15:30:00,Google,Google_Search,1,250,5677,278,5229
U0776,2026-03-03 01:00:00,Google,Google_Search,0,0,3848,148,10406
U0777,2026-03-02 18:00:00,Unknown,LinkedIn_B2B,0,0,1083,71,10888
U0777,2026-03-14 13:00:00,LinkedIn,LinkedIn_B2B,0,0,6927,362,8321
U0777,2026-01-07 00:00:00,Blog,Content_Marketing,0,0,2117,448,4761
U0777,2026-03-01 10:00:00,Facebook,FB_Summer,1,400,5873,250,7236
U0778,2026-01-01 17:00:00,TikTok,TikTok_Viral,0,0,5699,362,8156
U0778,2026-02-03 22:00:00,Google,Google_Search,0,0,3680,253,13710
U0778,2026-01-11 02:00:00,Facebook,FB_Summer,1,400,2676,201,7015
U0779,2026-03-27 23:00:00,Facebook,FB_Summer,0,0,4747,199,7000
U0779,2026-02-16 15:30:00,LinkedIn,LinkedIn_B2B,1,600,4692,415,19987
U0780,2026-01-04 01:00:00,Blog,Content_Marketing,0,0,3570,413,5615
U0780,2026-02-05 12:00:00,Blog,Content_Marketing,0,0,7592,384,3938
U0780,2026-02-26 09:00:00,TikTok,TikTok_Viral,0,0,3474,156,11437
U0780,2026-01-20 07:00:00,Google,Google_Search,1,600,1384,133,6307
U0781,2026-02-20 10:00:00,TikTok,TikTok_Viral,0,0,7175,438,6225
U0781,2026-01-26 04:00:00,Facebook,FB_Summer,0,0,1076,119,1532
U0781,2026-02-12 12:00:00,Facebook,FB_Summer,0,0,1081,167,1719
U0781,2026-01-26 08:00:00,Facebook,FB_Summer,0,0,2006,393,15017
U0781,2026-02-16 00:00:00,TikTok,TikTok_Viral,1,250,5994,362,12382
U0782,2026-01-23 08:00:00,Google,Google_Search,0,0,2417,168,19223
U0782,2026-03-04 05:00:00,LinkedIn,LinkedIn_B2B,0,0,7491,117,2529
U0782,2026-03-11 09:00:00,Facebook,FB_Summer,1,150,7631,429,1536
U0783,2026-01-21 21:00:00,Facebook,FB_Summer,1,900,1479,274,14552
U0784,2026-03-02 20:00:00,Google,Google_Search,0,0,4390,104,6992
U0784,2026-01-07 12:00:00,LinkedIn,LinkedIn_B2B,0,0,4610,128,16373
U0784,2026-02-13 16:00:00,Facebook,FB_Summer,1,900,5905,70,12247
U0785,2026-02-06 22:00:00,Blog,Content_Marketing,0,0,3026,298,9162
U0785,2026-02-27 18:00:00,Facebook,FB_Summer,0,0,2064,93,3816
U0785,2026-01-16 16:00:00,Google,Google_Search,0,0,3839,402,19114
U0785,2026-03-20 01:00:00,TikTok,TikTok_Viral,1,600,4722,487,2621
U0786,2026-03-22 07:00:00,Google,Google_Search,0,0,6074,366,9251
U0786,2026-01-23 19:00:00,LinkedIn,LinkedIn_B2B,0,0,5046,102,6657
U0786,2026-01-19 15:00:00,Facebook,FB_Summer,0,0,5567,282,6956
U0786,2026-01-03 11:00:00,Facebook,FB_Summer,1,250,2443,242,11502
U0787,2026-01-25 23:00:00,Facebook,FB_Summer,0,0,2657,198,10647
U0787,2026-02-26 00:00:00,LinkedIn,LinkedIn_B2B,0,0,5908,347,11832
U0787,2026-02-04 14:00:00,Google,Google_Search,1,600,6028,399,13370
U0788,2026-03-20 10:00:00,Google,Google_Search,0,0,6111,409,6952
U0788,2026-02-24 20:00:00,TikTok,TikTok_Viral,0,0,7070,212,14569
U0788,2026-02-04 05:00:00,Facebook,FB_Summer,0,0,2396,131,12753
U0788,2026-01-20 00:00:00,Blog,Content_Marketing,0,0,1685,122,5385
U0788,2026-03-25 11:00:00,Google,Google_Search,1,400,3341,109,3337
U0789,2026-01-06 04:00:00,Facebook,FB_Summer,0,0,5764,255,8621
U0789,2026-02-01 14:00:00,TikTok,TikTok_Viral,0,0,2411,473,10720
U0789,2026-01-06 13:00:00,Facebook,FB_Summer,1,600,5213,63,19062
U0790,2026-01-27 23:00:00,Facebook,FB_Summer,0,0,1331,72,9932
U0790,2026-03-10 07:00:00,Blog,Content_Marketing,0,0,1685,140,5975
U0790,2026-01-23 02:00:00,Google,Google_Search,0,0,1922,414,13205
U0791,2026-03-11 13:00:00,TikTok,TikTok_Viral,0,0,1069,103,4595
U0791,2026-02-11 08:00:00,Blog,Content_Marketing,0,0,3503,434,5376
U0791,2026-01-06 12:00:00,Google,Google_Search,0,0,5078,276,18184
U0791,2026-02-01 10:00:00,TikTok,TikTok_Viral,0,0,6224,255,10233
U0791,2026-02-09 23:00:00,TikTok,TikTok_Viral,0,0,3426,387,6907
U0792,2026-01-19 05:00:00,TikTok,TikTok_Viral,0,0,1523,73,10316
U0793,2026-01-28 03:00:00,Blog,Content_Marketing,0,0,5655,445,4667
U0793,2026-03-02 19:00:00,Google,Google_Search,1,250,5992,354,10099
U0794,2026-03-07 22:00:00,Unknown,FB_Summer,0,0,2796,498,15155
U0794,2026-02-22 00:00:00,TikTok,TikTok_Viral,0,0,1511,52,12397
U0794,2026-01-21 17:00:00,Facebook,FB_Summer,0,0,1789,51,11543
U0794,2026-02-11 05:00:00,Google,Google_Search,0,0,5504,413,1062
U0794,2026-03-12 22:00:00,LinkedIn,LinkedIn_B2B,0,0,2400,387,19499
U0795,2026-02-27 12:00:00,Google,Google_Search,0,0,7195,273,8997
U0795,2026-01-23 17:00:00,Facebook,FB_Summer,0,0,5992,247,7679
U0795,2026-03-03 13:00:00,Facebook,FB_Summer,0,0,1934,373,18771
U0795,2026-01-23 12:00:00,TikTok,TikTok_Viral,0,0,7364,105,1026
U0795,2026-01-25 04:00:00,Google,Google_Search,0,0,2848,417,5992
U0796,2026-01-24 14:00:00,LinkedIn,LinkedIn_B2B,1,150,4906,216,1648
U0797,2026-02-19 03:00:00,TikTok,TikTok_Viral,0,0,4032,472,6473
U0797,2026-03-23 17:00:00,Google,Google_Search,0,0,3026,444,3459
U0797,2026-01-17 14:00:00,Blog,Content_Marketing,0,0,5121,405,4626
U0797,2026-03-17 13:00:00,LinkedIn,LinkedIn_B2B,1,900,6675,203,12466
U0798,2026-01-20 22:00:00,Google,Google_Search,0,0,4270,323,13598
U0798,2026-03-20 11:00:00,Facebook,FB_Summer,0,0,2672,207,17620
U0798,2026-03-14 05:00:00,Blog,Content_Marketing,0,0,4564,371,1295
U0798,2026-02-08 04:00:00,TikTok,TikTok_Viral,0,0,6139,293,5676
U0799,2026-03-17 09:00:00,TikTok,TikTok_Viral,0,0,4968,61,19429
U0799,2026-03-12 19:00:00,Google,Google_Search,0,0,5580,230,19709
U0799,2026-02-21 08:00:00,LinkedIn,LinkedIn_B2B,0,0,7569,308,10904
U0799,2026-02-22 14:00:00,Google,Google_Search,0,0,6160,225,7758
U0799,2026-03-16 17:00:00,TikTok,TikTok_Viral,1,600,7360,349,18488
U0800,2026-02-10 00:00:00,LinkedIn,LinkedIn_B2B,1,250,7604,251,1324
U0801,2026-01-05 05:00:00,Unknown,Google_Search,0,0,4278,198,19116
U0801,2026-01-08 00:00:00,Blog,Content_Marketing,0,0,3069,233,18042
U0801,2026-01-29 00:00:00,Google,Google_Search,0,0,6453,461,2348
U0802,2026-03-27 17:00:00,LinkedIn,LinkedIn_B2B,0,0,3145,476,4472
U0802,2026-02-14 13:00:00,Blog,Content_Marketing,0,0,4662,453,13142
U0802,2026-01-07 00:00:00,Google,Google_Search,1,900,7224,397,14215
U0803,2026-01-03 11:00:00,Facebook,FB_Summer,1,400,5631,148,15361
U0804,2026-02-27 18:00:00,TikTok,TikTok_Viral,0,0,1159,384,4876
U0804,2026-03-02 05:00:00,Unknown,Content_Marketing,0,0,1925,373,7686
U0804,2026-02-17 22:00:00,TikTok,TikTok_Viral,0,0,3482,179,5309
U0804,2026-03-18 01:00:00,Blog,Content_Marketing,0,0,4456,336,14135
U0804,2026-01-22 09:00:00,LinkedIn,LinkedIn_B2B,1,250,2032,109,11603
U0805,2026-01-18 10:00:00,TikTok,TikTok_Viral,0,0,2481,113,1259
U0805,2026-01-31 06:00:00,LinkedIn,LinkedIn_B2B,0,0,7497,65,9474
U0805,2026-02-09 15:00:00,TikTok,TikTok_Viral,1,600,7434,216,13201
U0806,2026-02-25 10:00:00,Blog,Content_Marketing,0,0,5377,165,11241
U0806,2026-03-04 02:00:00,Google,Google_Search,0,0,2787,102,6446
U0806,2026-01-08 00:00:00,Blog,Content_Marketing,0,0,1748,494,3227
U0806,2026-01-31 20:00:00,TikTok,TikTok_Viral,0,0,4486,445,9870
U0806,2026-03-24 17:00:00,Blog,Content_Marketing,1,150,6835,395,11526
U0807,2026-01-24 18:00:00,Facebook,FB_Summer,0,0,2146,414,11244
U0807,2026-02-21 03:00:00,Google,Google_Search,0,0,1688,279,3181
U0807,2026-02-13 01:00:00,Google,Google_Search,0,0,5909,97,9464
U0807,2026-02-28 09:00:00,TikTok,TikTok_Viral,0,0,2759,232,5625
U0807,2026-02-26 16:00:00,LinkedIn,LinkedIn_B2B,1,400,7826,454,16114
U0808,2026-02-08 22:00:00,Blog,Content_Marketing,1,400,3370,483,7657
U0809,2026-03-04 16:00:00,Facebook,FB_Summer,1,400,2783,265,3724
U0810,2026-03-24 16:00:00,Facebook,FB_Summer,1,150,1306,312,16546
U0811,2026-01-09 11:00:00,Blog,Content_Marketing,0,0,1078,196,19181
U0811,2026-01-24 10:00:00,TikTok,TikTok_Viral,0,0,6664,206,14388
U0811,2026-03-26 06:00:00,LinkedIn,LinkedIn_B2B,0,0,7600,451,17772
U0811,2026-01-13 16:00:00,Google,Google_Search,0,0,4918,146,10585
U0811,2026-02-18 15:00:00,LinkedIn,LinkedIn_B2B,0,0,2331,353,14024
U0812,2026-01-29 06:00:00,LinkedIn,LinkedIn_B2B,0,0,3104,242,15090
U0812,2026-02-13 01:00:00,LinkedIn,LinkedIn_B2B,0,0,6648,68,4675
U0812,2026-03-10 19:00:00,Google,Google_Search,0,0,5352,169,12153
U0812,2026-01-13 22:00:00,Facebook,FB_Summer,0,0,3379,197,6577
U0812,2026-02-19 08:00:00,LinkedIn,LinkedIn_B2B,0,0,6072,434,16001
U0813,2026-01-22 17:00:00,TikTok,TikTok_Viral,0,0,5016,218,19711
U0813,2026-03-08 04:00:00,LinkedIn,LinkedIn_B2B,0,0,1420,141,5700
U0813,2026-02-26 23:00:00,Google,Google_Search,0,0,6427,483,3424
U0813,2026-02-08 16:00:00,Facebook,FB_Summer,0,0,4701,91,16142
U0813,2026-02-12 18:00:00,Google,Google_Search,1,400,3692,465,4240
U0814,2026-03-05 05:00:00,TikTok,TikTok_Viral,0,0,1679,143,8131
U0814,2026-01-27 16:00:00,Google,Google_Search,0,0,1934,446,3684
U0814,2026-02-01 19:00:00,Blog,Content_Marketing,1,150,3253,222,19888
U0815,2026-03-26 23:00:00,Blog,Content_Marketing,0,0,4647,289,19910
U0816,2026-01-19 17:00:00,LinkedIn,LinkedIn_B2B,1,400,2810,471,13244
U0817,2026-03-10 00:00:00,Blog,Content_Marketing,1,400,7298,478,11433
U0818,2026-01-03 23:00:00,TikTok,TikTok_Viral,0,0,5788,90,1341
U0818,2026-03-10 04:00:00,Facebook,FB_Summer,0,0,6294,493,11326
U0819,2026-02-24 01:00:00,Facebook,FB_Summer,0,0,5382,458,4311
U0819,2026-01-16 01:00:00,Blog,Content_Marketing,0,0,2738,415,16107
U0819,2026-02-21 02:00:00,Facebook,FB_Summer,0,0,5349,304,7738
U0820,2026-02-26 02:00:00,Facebook,FB_Summer,0,0,4284,340,9039
U0820,2026-02-15 07:00:00,Unknown,FB_Summer,0,0,3735,328,11543
U0820,2026-01-12 11:00:00,TikTok,TikTok_Viral,0,0,1704,383,11954
U0820,2026-02-18 07:00:00,TikTok,TikTok_Viral,1,600,7470,499,4790
U0821,2026-02-01 12:00:00,LinkedIn,LinkedIn_B2B,1,600,7867,310,8863
U0822,2026-02-28 00:00:00,Facebook,FB_Summer,0,0,7272,382,13393
U0822,2026-01-01 10:00:00,TikTok,TikTok_Viral,0,0,4094,463,9352
U0822,2026-01-09 22:00:00,LinkedIn,LinkedIn_B2B,0,0,6107,406,16133
U0822,2026-03-23 06:00:00,LinkedIn,LinkedIn_B2B,1,900,3454,259,9703
U0823,2026-01-05 06:00:00,Google,Google_Search,1,400,2753,54,9652
U0824,2026-01-27 13:00:00,TikTok,TikTok_Viral,0,0,3156,374,9492
U0824,2026-02-28 03:00:00,LinkedIn,LinkedIn_B2B,1,900,7506,158,1708
U0825,2026-01-06 13:00:00,Blog,Content_Marketing,0,0,6400,490,1117
U0825,2026-01-23 05:00:00,Blog,Content_Marketing,0,0,6027,310,15887
U0825,2026-02-10 11:00:00,LinkedIn,LinkedIn_B2B,0,0,7282,218,18617
U0825,2026-01-18 15:00:00,TikTok,TikTok_Viral,0,0,6257,267,19114
U0825,2026-01-16 03:00:00,Blog,Content_Marketing,1,600,7354,419,2150
U0826,2026-03-17 16:00:00,Facebook,FB_Summer,0,0,2683,330,16397
U0826,2026-03-25 23:00:00,TikTok,TikTok_Viral,1,250,2756,257,10304
U0827,2026-02-16 15:30:00,Unknown,Google_Search,0,0,1923,228,7324
U0827,2026-03-23 13:00:00,Blog,Content_Marketing,0,0,2091,228,9667
U0827,2026-01-06 08:00:00,Facebook,FB_Summer,0,0,2905,93,2141
U0827,2026-02-27 14:00:00,LinkedIn,LinkedIn_B2B,1,900,1161,78,17211
U0828,2026-03-14 06:00:00,Google,Google_Search,0,0,7882,332,3466
U0828,2026-03-21 15:00:00,Google,Google_Search,0,0,2183,123,10078
U0828,2026-03-01 00:00:00,Blog,Content_Marketing,0,0,7098,249,9380
U0828,2026-02-22 06:00:00,Blog,Content_Marketing,0,0,7897,202,5723
U0828,2026-02-07 00:00:00,Facebook,FB_Summer,1,250,2752,138,14736
U0829,2026-03-21 01:00:00,Blog,Content_Marketing,0,0,1812,402,13500
U0830,2026-01-02 04:00:00,TikTok,TikTok_Viral,0,0,1459,127,2151
U0830,2026-03-18 10:00:00,Google,Google_Search,0,0,4392,419,5441
U0831,2026-02-16 15:30:00,Facebook,FB_Summer,1,400,5955,210,1983
U0832,2026-02-01 04:00:00,TikTok,TikTok_Viral,0,0,1212,458,16118
U0833,2026-01-25 01:00:00,Google,Google_Search,0,0,2672,326,13473
U0833,2026-01-06 23:00:00,Blog,Content_Marketing,1,900,5060,122,7082
U0834,2026-02-10 22:00:00,LinkedIn,LinkedIn_B2B,0,0,5063,106,19660
U0835,2026-01-01 14:00:00,TikTok,TikTok_Viral,0,0,2185,472,8391
U0835,2026-02-07 04:00:00,LinkedIn,LinkedIn_B2B,0,0,1126,123,12217
U0836,2026-02-04 02:00:00,Blog,Content_Marketing,0,0,6983,58,9899
U0836,2026-02-27 15:00:00,Unknown,LinkedIn_B2B,1,150,6524,143,14784
U0837,2026-01-29 04:00:00,Google,Google_Search,0,0,7703,203,19258
U0837,2026-03-28 04:00:00,Google,Google_Search,0,0,5786,326,12493
U0837,2026-02-18 01:00:00,Google,Google_Search,1,400,3618,324,3979
U0838,2026-02-21 22:00:00,Blog,Content_Marketing,0,0,4388,180,16694
U0838,2026-02-24 16:00:00,Blog,Content_Marketing,1,600,1481,54,17390
U0839,2026-02-28 08:00:00,LinkedIn,LinkedIn_B2B,0,0,6385,335,3902
U0839,2026-01-15 18:00:00,Blog,Content_Marketing,0,0,2070,93,15325
U0839,2026-01-06 01:00:00,LinkedIn,LinkedIn_B2B,0,0,7749,443,7606
U0839,2026-03-19 23:00:00,TikTok,TikTok_Viral,0,0,2887,192,18705
U0839,2026-03-07 13:00:00,Unknown,LinkedIn_B2B,1,250,2292,110,8340
U0840,2026-02-05 13:00:00,Unknown,LinkedIn_B2B,0,0,1540,135,7530
U0840,2026-02-16 15:30:00,TikTok,TikTok_Viral,0,0,1012,499,7820
U0840,2026-01-01 01:00:00,Facebook,FB_Summer,0,0,7498,199,14215
U0840,2026-02-16 15:30:00,TikTok,TikTok_Viral,0,0,5683,443,19616
U0840,2026-01-16 08:00:00,Unknown,Google_Search,1,600,7966,97,13598
U0841,2026-01-18 21:00:00,Facebook,FB_Summer,0,0,5767,394,18430
U0841,2026-02-28 23:00:00,Unknown,Content_Marketing,0,0,7513,425,12037
U0841,2026-03-11 02:00:00,LinkedIn,LinkedIn_B2B,0,0,4932,182,13730
U0841,2026-01-06 01:00:00,Facebook,FB_Summer,0,0,5829,313,10087
U0841,2026-02-01 13:00:00,Facebook,FB_Summer,0,0,4650,92,4149
U0842,2026-01-12 21:00:00,LinkedIn,LinkedIn_B2B,0,0,3701,306,5637
U0842,2026-02-09 04:00:00,Blog,Content_Marketing,0,0,7945,390,1394
U0842,2026-02-16 06:00:00,Google,Google_Search,0,0,1245,278,11539
U0842,2026-03-15 19:00:00,TikTok,TikTok_Viral,0,0,3239,491,14252
U0842,2026-02-26 04:00:00,TikTok,TikTok_Viral,0,0,3187,379,1525
U0843,2026-01-20 04:00:00,Blog,Content_Marketing,0,0,7283,197,1036
U0843,2026-02-20 04:00:00,Facebook,FB_Summer,0,0,5070,184,11641
U0844,2026-02-15 20:00:00,Facebook,FB_Summer,0,0,2820,226,15890
U0844,2026-01-02 09:00:00,Google,Google_Search,1,900,5587,121,19076
U0845,2026-01-15 21:00:00,Blog,Content_Marketing,0,0,6173,217,12336
U0845,2026-01-03 09:00:00,Blog,Content_Marketing,0,0,1259,81,16225
U0845,2026-01-23 07:00:00,Unknown,Content_Marketing,0,0,1698,115,19401
U0846,2026-01-12 00:00:00,TikTok,TikTok_Viral,0,0,2642,115,19605
U0846,2026-01-09 11:00:00,TikTok,TikTok_Viral,0,0,5361,416,13263
U0847,2026-02-25 10:00:00,TikTok,TikTok_Viral,1,900,7176,182,11225
U0848,2026-03-25 05:00:00,LinkedIn,LinkedIn_B2B,0,0,2792,486,10825
U0848,2026-01-04 03:00:00,Unknown,TikTok_Viral,0,0,5089,418,7716
U0848,2026-03-04 04:00:00,LinkedIn,LinkedIn_B2B,0,0,1680,301,14429
U0848,2026-01-22 05:00:00,Blog,Content_Marketing,0,0,2033,472,16035
U0849,2026-01-01 16:00:00,TikTok,TikTok_Viral,0,0,3876,407,14113
U0849,2026-01-17 08:00:00,Facebook,FB_Summer,1,600,4620,259,18884
U0850,2026-02-07 15:00:00,Blog,Content_Marketing,0,0,1492,377,7805
U0850,2026-01-02 01:00:00,LinkedIn,LinkedIn_B2B,0,0,3484,306,19534
U0850,2026-02-08 04:00:00,TikTok,TikTok_Viral,0,0,2716,207,2757
U0850,2026-02-23 23:00:00,LinkedIn,LinkedIn_B2B,1,250,2235,94,12019
U0851,2026-02-15 05:00:00,Blog,Content_Marketing,0,0,4274,387,10057
U0851,2026-03-24 02:00:00,LinkedIn,LinkedIn_B2B,0,0,5039,446,7408
U0851,2026-03-12 02:00:00,Unknown,Content_Marketing,0,0,6477,269,8651
U0851,2026-01-29 10:00:00,LinkedIn,LinkedIn_B2B,1,250,5118,462,6857
U0852,2026-02-23 17:00:00,Blog,Content_Marketing,1,250,7341,59,12380
U0853,2026-01-24 02:00:00,Google,Google_Search,0,0,6378,433,10141
U0854,2026-01-04 03:00:00,Facebook,FB_Summer,0,0,5324,267,1137
U0855,2026-01-13 22:00:00,Facebook,FB_Summer,0,0,1478,153,6346
U0855,2026-03-31 06:00:00,Google,Google_Search,1,900,6102,359,2621
U0856,2026-01-05 00:00:00,LinkedIn,LinkedIn_B2B,0,0,1956,173,4504
U0857,2026-03-01 20:00:00,Blog,Content_Marketing,0,0,6163,437,13712
U0857,2026-02-15 21:00:00,Facebook,FB_Summer,0,0,6912,309,9466
U0857,2026-03-16 20:00:00,Google,Google_Search,0,0,5291,218,12949
U0857,2026-03-22 03:00:00,Google,Google_Search,0,0,3766,321,6427
U0858,2026-01-22 17:00:00,TikTok,TikTok_Viral,0,0,7100,51,16455
U0859,2026-01-08 22:00:00,Blog,Content_Marketing,0,0,4495,64,19105
U0859,2026-01-15 19:00:00,Blog,Content_Marketing,1,900,2661,396,13589
U0860,2026-01-16 17:00:00,TikTok,TikTok_Viral,0,0,4665,499,14737
U0860,2026-01-14 00:00:00,Unknown,Content_Marketing,0,0,6921,416,18990
U0860,2026-02-15 14:00:00,Unknown,LinkedIn_B2B,1,900,6335,181,10606
U0861,2026-02-20 05:00:00,Facebook,FB_Summer,0,0,1311,454,13597
U0861,2026-03-27 12:00:00,Blog,Content_Marketing,0,0,6458,291,1652
U0862,2026-01-09 13:00:00,LinkedIn,LinkedIn_B2B,0,0,3987,406,5654
U0862,2026-02-11 01:00:00,Google,Google_Search,0,0,7745,124,13726
U0862,2026-01-01 15:00:00,Google,Google_Search,0,0,7663,382,18127
U0862,2026-01-21 09:00:00,LinkedIn,LinkedIn_B2B,1,900,6079,325,8278
U0863,2026-03-11 09:00:00,Unknown,LinkedIn_B2B,0,0,1877,428,14929
U0863,2026-01-10 00:00:00,Blog,Content_Marketing,0,0,4017,86,13355
U0863,2026-02-16 22:00:00,TikTok,TikTok_Viral,0,0,6840,456,9030
U0863,2026-03-27 19:00:00,Facebook,FB_Summer,0,0,1765,51,11677
U0863,2026-01-16 08:00:00,Google,Google_Search,0,0,2273,301,17566
U0864,2026-02-10 15:00:00,Google,Google_Search,0,0,1910,120,18891
U0864,2026-02-27 15:00:00,Google,Google_Search,0,0,4048,441,19441
U0864,2026-03-06 03:00:00,TikTok,TikTok_Viral,0,0,6238,73,16134
U0864,2026-01-30 23:00:00,Facebook,FB_Summer,0,0,4564,438,13117
U0864,2026-02-24 14:00:00,LinkedIn,LinkedIn_B2B,1,600,1833,63,16095
U0865,2026-03-01 03:00:00,Blog,Content_Marketing,0,0,4937,322,8532
U0865,2026-03-27 23:00:00,TikTok,TikTok_Viral,0,0,2869,321,1522
U0866,2026-01-10 09:00:00,LinkedIn,LinkedIn_B2B,0,0,2483,246,2632
U0866,2026-03-14 05:00:00,Facebook,FB_Summer,1,900,5326,256,5833
U0867,2026-03-08 09:00:00,Blog,Content_Marketing,0,0,2114,55,15592
U0867,2026-03-29 06:00:00,TikTok,TikTok_Viral,0,0,6786,155,12084
U0867,2026-03-12 12:00:00,Facebook,FB_Summer,0,0,2027,161,18334
U0867,2026-03-06 15:00:00,TikTok,TikTok_Viral,0,0,1247,458,9626
U0868,2026-03-28 07:00:00,Blog,Content_Marketing,0,0,7368,170,9510
U0868,2026-02-14 00:00:00,Google,Google_Search,0,0,2186,292,7554
U0868,2026-02-23 23:00:00,Blog,Content_Marketing,0,0,4681,269,9433
U0868,2026-02-10 06:00:00,Google,Google_Search,0,0,1473,427,16521
U0868,2026-03-18 14:00:00,Blog,Content_Marketing,1,600,4574,485,3522
U0869,2026-03-09 08:00:00,Facebook,FB_Summer,0,0,4296,433,5267
U0869,2026-01-27 05:00:00,TikTok,TikTok_Viral,0,0,2206,296,4384
U0869,2026-01-10 14:00:00,Google,Google_Search,0,0,5970,111,17115
U0869,2026-02-24 05:00:00,Google,Google_Search,0,0,5449,240,4736
U0869,2026-02-04 17:00:00,Unknown,LinkedIn_B2B,0,0,2439,103,14920
U0870,2026-03-16 05:00:00,Facebook,FB_Summer,0,0,5658,456,19009
U0870,2026-01-13 08:00:00,Google,Google_Search,0,0,1634,81,14838
U0870,2026-01-04 02:00:00,Blog,Content_Marketing,0,0,2769,462,3634
U0870,2026-01-25 14:00:00,TikTok,TikTok_Viral,0,0,1088,66,10542
U0870,2026-01-26 06:00:00,Blog,Content_Marketing,0,0,3290,242,19925
U0871,2026-01-21 18:00:00,TikTok,TikTok_Viral,0,0,5548,52,18692
U0871,2026-03-14 01:00:00,Facebook,FB_Summer,0,0,1498,130,12462
U0872,2026-03-31 19:00:00,Google,Google_Search,0,0,6740,130,17163
U0872,2026-03-11 02:00:00,Facebook,FB_Summer,0,0,2820,228,2564
U0872,2026-03-14 13:00:00,LinkedIn,LinkedIn_B2B,0,0,4707,252,11850
U0872,2026-02-28 05:00:00,Facebook,FB_Summer,0,0,5817,300,9676
U0872,2026-03-22 18:00:00,Unknown,Content_Marketing,1,400,5473,272,10874
U0873,2026-02-16 13:00:00,Unknown,TikTok_Viral,1,600,1083,390,4384
U0874,2026-01-06 05:00:00,Blog,Content_Marketing,0,0,7760,203,8805
U0874,2026-01-05 08:00:00,Unknown,Content_Marketing,0,0,2844,138,6140
U0874,2026-02-16 15:30:00,LinkedIn,LinkedIn_B2B,0,0,3928,84,2334
U0874,2026-02-17 20:00:00,Facebook,FB_Summer,0,0,1929,366,8413
U0874,2026-02-06 10:00:00,Unknown,LinkedIn_B2B,0,0,4316,347,17524
U0875,2026-03-21 06:00:00,Facebook,FB_Summer,0,0,3412,485,9070
U0875,2026-02-16 15:30:00,TikTok,TikTok_Viral,0,0,3841,338,18641
U0875,2026-01-16 04:00:00,Facebook,FB_Summer,0,0,1741,132,19998
U0875,2026-02-26 10:00:00,Google,Google_Search,0,0,6011,357,5387
U0875,2026-01-16 04:00:00,Google,Google_Search,1,250,4941,285,11124
U0876,2026-01-21 02:00:00,LinkedIn,LinkedIn_B2B,0,0,3197,378,4044
U0876,2026-01-27 14:00:00,Blog,Content_Marketing,0,0,2084,142,13960
U0876,2026-01-10 22:00:00,TikTok,TikTok_Viral,0,0,4283,115,14878
U0876,2026-03-02 10:00:00,LinkedIn,LinkedIn_B2B,0,0,4265,178,13553
U0876,2026-01-19 22:00:00,Google,Google_Search,1,400,7624,442,8489
U0877,2026-03-17 05:00:00,Blog,Content_Marketing,0,0,3583,497,5503
U0878,2026-01-22 22:00:00,Facebook,FB_Summer,0,0,3718,231,1325
U0878,2026-01-13 08:00:00,LinkedIn,LinkedIn_B2B,0,0,6241,103,10814
U0878,2026-03-27 01:00:00,Facebook,FB_Summer,0,0,4776,376,5576
U0879,2026-01-17 11:00:00,Blog,Content_Marketing,0,0,1765,306,18866
U0879,2026-04-01 08:00:00,Facebook,FB_Summer,0,0,5421,455,4586
U0879,2026-02-16 15:30:00,Blog,Content_Marketing,1,900,4957,302,2358
U0880,2026-03-15 06:00:00,TikTok,TikTok_Viral,0,0,5824,351,19290
U0880,2026-02-15 03:00:00,TikTok,TikTok_Viral,0,0,3787,289,18789
U0880,2026-02-25 08:00:00,LinkedIn,LinkedIn_B2B,0,0,7435,451,12772
U0880,2026-03-09 06:00:00,Blog,Content_Marketing,1,900,3626,408,15327
U0881,2026-01-23 00:00:00,TikTok,TikTok_Viral,0,0,6394,349,6514
U0881,2026-02-09 06:00:00,LinkedIn,LinkedIn_B2B,0,0,4057,91,13838
U0881,2026-03-13 05:00:00,Unknown,FB_Summer,0,0,1870,323,7008
U0881,2026-03-26 20:00:00,LinkedIn,LinkedIn_B2B,0,0,4663,138,19103
U0882,2026-02-02 05:00:00,Blog,Content_Marketing,0,0,7495,133,9050
U0882,2026-01-12 09:00:00,Unknown,LinkedIn_B2B,0,0,1110,360,14680
U0882,2026-01-22 22:00:00,TikTok,TikTok_Viral,0,0,3148,475,12229
U0882,2026-03-16 11:00:00,Google,Google_Search,1,150,3335,381,2289
U0883,2026-01-10 01:00:00,Blog,Content_Marketing,1,150,4037,440,7579
U0884,2026-01-21 09:00:00,Facebook,FB_Summer,0,0,2820,245,1189
U0884,2026-02-23 00:00:00,Google,Google_Search,0,0,1305,214,14106
U0884,2026-02-21 03:00:00,LinkedIn,LinkedIn_B2B,0,0,1449,292,15284
U0884,2026-02-20 09:00:00,Facebook,FB_Summer,0,0,1084,57,19757
U0884,2026-01-30 14:00:00,LinkedIn,LinkedIn_B2B,0,0,7767,267,5804
U0885,2026-01-26 13:00:00,Facebook,FB_Summer,0,0,3121,194,4052
U0885,2026-02-08 04:00:00,TikTok,TikTok_Viral,0,0,3261,468,10427
U0886,2026-01-23 14:00:00,TikTok,TikTok_Viral,1,150,4904,265,2036
U0887,2026-03-19 09:00:00,LinkedIn,LinkedIn_B2B,0,0,4510,464,3276
U0887,2026-02-11 10:00:00,Unknown,TikTok_Viral,0,0,1708,477,17200
U0887,2026-03-20 18:00:00,Blog,Content_Marketing,0,0,2381,196,19361
U0887,2026-02-26 09:00:00,Facebook,FB_Summer,1,150,2378,162,9803
U0888,2026-01-26 16:00:00,LinkedIn,LinkedIn_B2B,0,0,7232,55,6423
U0888,2026-02-07 17:00:00,LinkedIn,LinkedIn_B2B,0,0,2120,264,19330
U0888,2026-01-06 08:00:00,Blog,Content_Marketing,1,600,7012,411,9723
U0889,2026-03-18 10:00:00,Google,Google_Search,0,0,3563,296,9779
U0890,2026-02-05 07:00:00,Unknown,TikTok_Viral,0,0,7537,66,8221
U0890,2026-03-10 02:00:00,TikTok,TikTok_Viral,0,0,7933,381,14453
U0891,2026-02-28 16:00:00,Facebook,FB_Summer,1,250,4744,76,13982
U0892,2026-02-27 20:00:00,Blog,Content_Marketing,0,0,4392,484,16314
U0892,2026-03-28 12:00:00,Facebook,FB_Summer,0,0,7407,84,13050
U0892,2026-03-30 02:00:00,LinkedIn,LinkedIn_B2B,0,0,5679,67,2959
U0892,2026-02-27 15:00:00,Facebook,FB_Summer,0,0,1090,447,17941
U0893,2026-03-31 14:00:00,Google,Google_Search,0,0,3376,170,12905
U0893,2026-02-24 01:00:00,TikTok,TikTok_Viral,0,0,4638,186,14920
U0893,2026-03-07 07:00:00,Blog,Content_Marketing,1,400,6454,158,1729
U0894,2026-03-12 04:00:00,Google,Google_Search,0,0,4894,344,10214
U0894,2026-03-20 00:00:00,Google,Google_Search,0,0,4529,218,8144
U0894,2026-02-12 21:00:00,Blog,Content_Marketing,0,0,7155,155,19764
U0894,2026-01-27 09:00:00,TikTok,TikTok_Viral,1,900,6061,494,17505
U0895,2026-02-10 20:00:00,Google,Google_Search,0,0,3479,342,5523
U0895,2026-01-16 22:00:00,Facebook,FB_Summer,0,0,4461,441,3547
U0895,2026-02-21 21:00:00,Blog,Content_Marketing,0,0,2530,479,3005
U0895,2026-02-21 05:00:00,Google,Google_Search,1,600,1121,292,7280
U0896,2026-03-20 02:00:00,Blog,Content_Marketing,0,0,2308,301,4932
U0896,2026-01-20 13:00:00,Blog,Content_Marketing,0,0,7329,461,8647
U0896,2026-01-12 14:00:00,TikTok,TikTok_Viral,0,0,7736,475,11091
U0896,2026-02-03 05:00:00,Unknown,Content_Marketing,0,0,6881,406,18549
U0896,2026-01-12 21:00:00,Facebook,FB_Summer,0,0,6240,357,1631
U0897,2026-03-14 19:00:00,LinkedIn,LinkedIn_B2B,1,250,5905,141,3081
,2026-02-26 06:00:00,Blog,Content_Marketing,0,0,2330,189,8602
U0898,2026-03-07 23:00:00,Blog,Content_Marketing,0,0,1444,407,5807
U0898,2026-03-01 23:00:00,Google,Google_Search,0,0,1045,247,13350
U0898,2026-03-26 07:00:00,LinkedIn,LinkedIn_B2B,0,0,5750,492,2697
U0898,2026-02-18 20:00:00,Google,Google_Search,1,400,6920,386,5650
U0899,2026-01-01 06:00:00,LinkedIn,LinkedIn_B2B,0,0,1445,356,6114
U0899,2026-03-22 09:00:00,TikTok,TikTok_Viral,0,0,5203,372,18675
U0899,2026-03-08 20:00:00,Google,Google_Search,0,0,2305,255,5922
U0899,2026-01-22 19:00:00,Blog,Content_Marketing,0,0,7311,201,10802
U0899,2026-02-16 15:30:00,Blog,Content_Marketing,0,0,5158,387,19987
U0900,2026-03-22 08:00:00,Unknown,TikTok_Viral,0,0,5852,400,4680
U0900,2026-02-19 03:00:00,Blog,Content_Marketing,0,0,1127,335,2084
U0900,2026-01-18 00:00:00,Blog,Content_Marketing,0,0,7204,461,6741
U0901,2026-02-05 08:00:00,LinkedIn,LinkedIn_B2B,0,0,6332,144,9292
U0901,2026-03-08 21:00:00,Unknown,LinkedIn_B2B,0,0,2463,55,10674
U0901,2026-02-08 05:00:00,Facebook,FB_Summer,0,0,1152,349,3949
U0901,2026-02-16 15:30:00,Facebook,FB_Summer,1,150,3181,341,15789
U0902,2026-03-20 12:00:00,Facebook,FB_Summer,0,0,7178,200,8939
U0902,2026-02-10 04:00:00,TikTok,TikTok_Viral,0,0,3883,231,8284
U0902,2026-02-02 16:00:00,TikTok,TikTok_Viral,0,0,7469,238,10122
U0902,2026-02-01 12:00:00,Google,Google_Search,0,0,5178,329,5812
U0903,2026-02-27 15:00:00,Blog,Content_Marketing,1,400,4277,260,5989
U0904,2026-02-24 01:00:00,Facebook,FB_Summer,0,0,6119,320,14361
U0904,2026-03-16 02:00:00,LinkedIn,LinkedIn_B2B,0,0,4969,487,6707
U0905,2026-01-24 19:00:00,LinkedIn,LinkedIn_B2B,0,0,5617,367,5220
U0905,2026-02-19 13:00:00,Google,Google_Search,0,0,5662,348,14375
U0906,2026-02-18 19:00:00,LinkedIn,LinkedIn_B2B,0,0,6384,470,6056
U0906,2026-03-19 23:00:00,Blog,Content_Marketing,1,150,7019,294,14101
U0907,2026-02-27 19:00:00,TikTok,TikTok_Viral,0,0,3466,112,9095
U0907,2026-03-09 05:00:00,LinkedIn,LinkedIn_B2B,0,0,5980,466,9094
U0907,2026-02-11 06:00:00,Google,Google_Search,0,0,5911,93,6071
U0907,2026-02-21 00:00:00,Facebook,FB_Summer,0,0,1406,384,16283
U0907,2026-01-19 19:00:00,TikTok,TikTok_Viral,1,900,3498,429,8432
U0908,2026-02-16 15:30:00,Blog,Content_Marketing,1,250,5709,303,11531
U0909,2026-01-05 18:00:00,Facebook,FB_Summer,0,0,6499,246,10736
U0909,2026-03-27 22:00:00,Facebook,FB_Summer,1,900,6811,382,5958
U0910,2026-02-13 07:00:00,Facebook,FB_Summer,0,0,4507,361,4352
U0911,2026-03-21 12:00:00,Blog,Content_Marketing,0,0,7777,447,18865
U0911,2026-03-25 11:00:00,Unknown,Google_Search,0,0,4881,387,12943
U0911,2026-03-22 00:00:00,Facebook,FB_Summer,0,0,5310,270,19739
U0911,2026-03-03 04:00:00,LinkedIn,LinkedIn_B2B,0,0,7318,198,1220
U0911,2026-02-01 09:00:00,LinkedIn,LinkedIn_B2B,1,250,2847,87,7362
U0912,2026-01-13 00:00:00,TikTok,TikTok_Viral,0,0,2389,87,17263
U0912,2026-01-08 07:00:00,LinkedIn,LinkedIn_B2B,0,0,2469,73,5804
U0912,2026-03-21 23:00:00,LinkedIn,LinkedIn_B2B,0,0,2624,314,16868
U0912,2026-01-27 14:00:00,Facebook,FB_Summer,1,400,3407,486,11174
,2026-03-12 19:00:00,LinkedIn,LinkedIn_B2B,0,0,4636,433,18515
U0913,2026-01-17 07:00:00,TikTok,TikTok_Viral,0,0,1042,404,16415
U0913,2026-02-11 02:00:00,TikTok,TikTok_Viral,1,900,6159,67,19263
U0914,2026-03-30 07:00:00,TikTok,TikTok_Viral,0,0,3843,90,9781
U0914,2026-02-19 06:00:00,LinkedIn,LinkedIn_B2B,0,0,5573,456,12600
U0914,2026-01-01 11:00:00,Blog,Content_Marketing,0,0,7617,98,11517
U0915,2026-03-21 12:00:00,LinkedIn,LinkedIn_B2B,0,0,4263,74,17118
U0915,2026-01-01 01:00:00,TikTok,TikTok_Viral,0,0,7563,56,11206
U0915,2026-02-09 03:00:00,LinkedIn,LinkedIn_B2B,0,0,3036,359,18889
U0915,2026-01-23 02:00:00,Facebook,FB_Summer,1,250,4134,251,6253
U0916,2026-02-17 17:00:00,Blog,Content_Marketing,1,150,6680,430,1689
U0917,2026-02-20 10:00:00,Facebook,FB_Summer,0,0,4130,194,15330
U0917,2026-01-27 06:00:00,Blog,Content_Marketing,0,0,2639,78,7221
U0917,2026-03-01 09:00:00,Blog,Content_Marketing,0,0,1437,440,15155
U0917,2026-01-06 16:00:00,TikTok,TikTok_Viral,0,0,1348,355,6511
U0918,2026-03-31 19:00:00,Blog,Content_Marketing,0,0,6154,194,8286
U0919,2026-03-29 04:00:00,Facebook,FB_Summer,0,0,5400,191,19138
U0920,2026-01-21 12:00:00,LinkedIn,LinkedIn_B2B,0,0,6375,256,2059
U0920,2026-02-28 21:00:00,Unknown,LinkedIn_B2B,0,0,2850,357,16413
U0920,2026-03-02 15:00:00,Google,Google_Search,0,0,4934,421,2858
U0921,2026-01-11 14:00:00,Facebook,FB_Summer,0,0,7740,366,19752
U0921,2026-02-01 18:00:00,LinkedIn,LinkedIn_B2B,0,0,4174,258,5334
U0921,2026-01-24 07:00:00,TikTok,TikTok_Viral,0,0,1022,236,8605
U0921,2026-01-18 23:00:00,Google,Google_Search,0,0,2062,241,16930
U0921,2026-02-27 00:00:00,Blog,Content_Marketing,0,0,3708,466,2698
U0922,2026-02-20 12:00:00,Google,Google_Search,0,0,2058,424,18396
U0922,2026-03-24 20:00:00,Google,Google_Search,0,0,5814,111,1358
U0922,2026-03-17 01:00:00,Facebook,FB_Summer,0,0,7068,171,1944
U0922,2026-02-16 04:00:00,Facebook,FB_Summer,1,150,2638,442,16075
U0923,2026-02-16 07:00:00,Blog,Content_Marketing,0,0,4214,71,2623
U0923,2026-03-10 13:00:00,Blog,Content_Marketing,0,0,7674,302,10675
U0923,2026-02-02 08:00:00,LinkedIn,LinkedIn_B2B,1,900,3613,196,19246
U0924,2026-02-12 07:00:00,Unknown,LinkedIn_B2B,0,0,5596,111,18957
U0924,2026-02-19 11:00:00,Blog,Content_Marketing,0,0,7872,482,10273
U0924,2026-02-20 12:00:00,LinkedIn,LinkedIn_B2B,0,0,4039,126,5041
U0924,2026-03-20 15:00:00,TikTok,TikTok_Viral,0,0,2922,465,14382
U0924,2026-02-23 04:00:00,Google,Google_Search,1,250,3427,279,6054
U0925,2026-01-17 06:00:00,Google,Google_Search,0,0,3991,63,3326
,2026-01-26 21:00:00,LinkedIn,LinkedIn_B2B,0,0,6200,96,14866
U0925,2026-01-13 10:00:00,TikTok,TikTok_Viral,0,0,1506,241,5225
U0925,2026-02-02 09:00:00,Facebook,FB_Summer,1,600,4623,340,9694
U0926,2026-02-16 06:00:00,LinkedIn,LinkedIn_B2B,1,600,4830,348,2783
U0927,2026-03-15 23:00:00,Google,Google_Search,0,0,5715,322,14037
U0927,2026-02-08 22:00:00,TikTok,TikTok_Viral,0,0,2008,333,8702
U0927,2026-02-11 22:00:00,Facebook,FB_Summer,1,900,4768,252,18922
U0928,2026-01-07 05:00:00,TikTok,TikTok_Viral,1,400,7943,292,3906
U0929,2026-01-01 20:00:00,Unknown,FB_Summer,0,0,3948,271,17019
U0929,2026-01-28 06:00:00,Facebook,FB_Summer,0,0,6722,295,7969
U0929,2026-01-27 18:00:00,Facebook,FB_Summer,0,0,2524,494,19372
U0929,2026-02-11 07:00:00,Facebook,FB_Summer,0,0,4769,242,7122
U0929,2026-01-22 14:00:00,LinkedIn,LinkedIn_B2B,1,250,2306,164,18528
U0930,2026-01-18 07:00:00,Google,Google_Search,0,0,6642,50,3138
U0930,2026-03-20 06:00:00,TikTok,TikTok_Viral,0,0,3403,120,7960
U0930,2026-03-05 21:00:00,LinkedIn,LinkedIn_B2B,0,0,5981,54,16835
U0931,2026-02-12 08:00:00,Google,Google_Search,0,0,4625,215,15300
U0931,2026-03-30 19:00:00,Blog,Content_Marketing,0,0,2018,65,1123
U0931,2026-02-06 07:00:00,TikTok,TikTok_Viral,1,400,4543,370,5933
U0932,2026-03-01 14:00:00,TikTok,TikTok_Viral,0,0,6947,309,2106
U0932,2026-02-21 09:00:00,TikTok,TikTok_Viral,1,900,1028,156,19301
U0933,2026-02-18 01:00:00,Facebook,FB_Summer,0,0,7522,205,5432
U0933,2026-01-11 23:00:00,LinkedIn,LinkedIn_B2B,0,0,3437,422,2757
,2026-03-05 08:00:00,Facebook,FB_Summer,0,0,7402,438,13020
U0934,2026-02-28 13:00:00,Unknown,TikTok_Viral,0,0,4520,475,6239
U0934,2026-01-06 07:00:00,Google,Google_Search,0,0,3923,374,14223
U0934,2026-02-22 23:00:00,LinkedIn,LinkedIn_B2B,0,0,5874,298,7844
U0934,2026-03-08 06:00:00,Google,Google_Search,0,0,4968,433,19819
U0934,2026-04-01 08:00:00,Blog,Content_Marketing,0,0,5904,411,17583
U0935,2026-02-16 15:30:00,Blog,Content_Marketing,0,0,6752,459,7800
U0935,2026-02-23 13:00:00,Facebook,FB_Summer,0,0,5837,181,13484
U0935,2026-01-17 03:00:00,Google,Google_Search,0,0,5371,462,3445
U0935,2026-02-12 19:00:00,Google,Google_Search,0,0,1133,52,3399
U0936,2026-03-31 05:00:00,TikTok,TikTok_Viral,0,0,5350,410,10967
U0936,2026-02-08 05:00:00,TikTok,TikTok_Viral,1,900,4257,416,16109
U0937,2026-03-07 16:00:00,Google,Google_Search,0,0,4688,319,18892
U0937,2026-01-08 10:00:00,TikTok,TikTok_Viral,0,0,4177,317,2621
U0937,2026-03-31 02:00:00,TikTok,TikTok_Viral,0,0,5714,378,13126
U0937,2026-02-09 14:00:00,TikTok,TikTok_Viral,0,0,3220,250,1802
U0937,2026-03-07 13:00:00,LinkedIn,LinkedIn_B2B,1,900,7527,248,7317
U0938,2026-03-21 14:00:00,Google,Google_Search,0,0,7876,328,2944
U0938,2026-01-19 13:00:00,Unknown,Content_Marketing,0,0,4429,215,12676
U0938,2026-02-27 21:00:00,LinkedIn,LinkedIn_B2B,0,0,6451,317,14061
U0938,2026-02-11 11:00:00,LinkedIn,LinkedIn_B2B,0,0,2410,180,16409
,2026-02-05 00:00:00,TikTok,TikTok_Viral,1,150,5268,452,14596
U0939,2026-03-29 01:00:00,LinkedIn,LinkedIn_B2B,0,0,3663,104,6043
U0939,2026-02-02 09:00:00,Facebook,FB_Summer,0,0,4869,201,1161
U0939,2026-01-26 06:00:00,Facebook,FB_Summer,0,0,1139,312,8647
U0939,2026-03-02 01:00:00,LinkedIn,LinkedIn_B2B,0,0,4344,149,2493
U0939,2026-02-08 08:00:00,Blog,Content_Marketing,0,0,1497,138,2481
U0940,2026-03-20 23:00:00,Blog,Content_Marketing,0,0,3277,432,3266
U0940,2026-02-04 21:00:00,Facebook,FB_Summer,0,0,1542,471,16585
U0940,2026-03-04 18:00:00,Blog,Content_Marketing,0,0,2252,334,9805
U0941,2026-02-16 15:30:00,LinkedIn,LinkedIn_B2B,1,150,1346,287,7705
U0942,2026-02-16 15:30:00,TikTok,TikTok_Viral,0,0,6244,377,8299
,2026-02-02 21:00:00,Blog,Content_Marketing,0,0,7236,330,2479
,2026-03-26 13:00:00,Facebook,FB_Summer,1,600,2205,383,2451
U0943,2026-03-09 19:00:00,LinkedIn,LinkedIn_B2B,0,0,6001,480,1575
U0943,2026-01-25 09:00:00,TikTok,TikTok_Viral,0,0,4604,390,16067
U0944,2026-02-25 14:00:00,Blog,Content_Marketing,0,0,6376,208,3185
U0944,2026-02-24 23:00:00,Blog,Content_Marketing,0,0,2302,153,1121
U0944,2026-03-08 23:00:00,Blog,Content_Marketing,0,0,5259,497,13990
U0944,2026-02-05 03:00:00,Blog,Content_Marketing,1,250,2800,136,15069
U0945,2026-02-18 22:00:00,Blog,Content_Marketing,1,400,7870,296,10585
U0946,2026-02-26 06:00:00,Google,Google_Search,0,0,5836,159,3832
U0946,2026-01-12 16:00:00,LinkedIn,LinkedIn_B2B,0,0,5430,306,5901
U0946,2026-01-19 12:00:00,LinkedIn,LinkedIn_B2B,0,0,4394,368,18981
U0946,2026-01-03 13:00:00,Blog,Content_Marketing,0,0,2183,162,16524
U0946,2026-02-27 19:00:00,Google,Google_Search,1,150,2402,166,16450
U0947,2026-04-01 13:00:00,Google,Google_Search,0,0,5441,371,15680
U0947,2026-03-27 17:00:00,Google,Google_Search,0,0,3645,410,9502
U0947,2026-03-22 14:00:00,Google,Google_Search,0,0,5299,89,18846
U0947,2026-03-21 21:00:00,Blog,Content_Marketing,0,0,5212,83,12558
U0947,2026-01-09 10:00:00,Blog,Content_Marketing,0,0,4027,311,13799
U0948,2026-01-27 16:00:00,Blog,Content_Marketing,0,0,5301,61,6097
U0948,2026-03-29 15:00:00,Google,Google_Search,1,600,6580,105,6911
U0949,2026-01-12 17:00:00,LinkedIn,LinkedIn_B2B,0,0,5645,381,18695
U0950,2026-03-07 04:00:00,Google,Google_Search,0,0,1057,255,13714
U0950,2026-01-05 03:00:00,Blog,Content_Marketing,0,0,7384,125,19180
U0950,2026-02-19 17:00:00,Facebook,FB_Summer,0,0,6787,311,15308
U0950,2026-03-19 14:00:00,LinkedIn,LinkedIn_B2B,0,0,4446,301,11744
U0950,2026-03-07 19:00:00,TikTok,TikTok_Viral,1,600,2845,147,12086
U0951,2026-03-04 14:00:00,Google,Google_Search,0,0,7597,386,8144
U0951,2026-02-11 10:00:00,Google,Google_Search,0,0,3607,275,2072
U0951,2026-01-17 20:00:00,LinkedIn,LinkedIn_B2B,1,900,7055,163,17927
U0952,2026-01-06 09:00:00,LinkedIn,LinkedIn_B2B,0,0,1625,209,3093
U0952,2026-03-03 01:00:00,LinkedIn,LinkedIn_B2B,0,0,2858,381,11574
U0952,2026-01-26 12:00:00,Google,Google_Search,1,250,7144,251,18492
U0953,2026-03-16 20:00:00,Google,Google_Search,0,0,5405,77,5657
U0953,2026-03-23 09:00:00,Facebook,FB_Summer,0,0,5197,199,9631
U0953,2026-03-02 18:00:00,TikTok,TikTok_Viral,0,0,2899,469,14869
U0953,2026-02-08 00:00:00,TikTok,TikTok_Viral,0,0,3615,295,8164
U0953,2026-03-06 21:00:00,TikTok,TikTok_Viral,0,0,5081,237,15844
U0954,2026-01-30 03:00:00,TikTok,TikTok_Viral,0,0,2707,413,2236
U0954,2026-03-14 02:00:00,Facebook,FB_Summer,0,0,3492,378,6363
U0955,2026-02-08 02:00:00,Facebook,FB_Summer,0,0,5505,227,9332
U0955,2026-02-01 18:00:00,Blog,Content_Marketing,1,150,2698,203,10556
U0956,2026-02-19 05:00:00,LinkedIn,LinkedIn_B2B,0,0,3922,328,10287
U0956,2026-03-22 15:00:00,Google,Google_Search,0,0,1941,267,3085
,2026-01-01 10:00:00,TikTok,TikTok_Viral,0,0,5207,390,4081
U0956,2026-03-14 17:00:00,TikTok,TikTok_Viral,1,900,1810,166,10825
U0957,2026-03-31 01:00:00,TikTok,TikTok_Viral,0,0,6685,299,15737
U0957,2026-01-04 23:00:00,LinkedIn,LinkedIn_B2B,0,0,2027,324,14273
U0957,2026-03-27 20:00:00,LinkedIn,LinkedIn_B2B,1,900,1234,465,5966
U0958,2026-03-15 23:00:00,Google,Google_Search,0,0,1954,335,7180
U0958,2026-02-18 14:00:00,TikTok,TikTok_Viral,0,0,4403,261,15270
U0958,2026-01-01 04:00:00,Google,Google_Search,0,0,3276,139,2050
U0958,2026-01-17 04:00:00,Facebook,FB_Summer,1,400,5820,328,2298
U0959,2026-02-24 17:00:00,TikTok,TikTok_Viral,1,150,7065,58,4073
U0960,2026-01-10 10:00:00,Blog,Content_Marketing,0,0,1985,190,10626
U0960,2026-03-20 05:00:00,Google,Google_Search,0,0,4751,205,13958
U0960,2026-02-25 09:00:00,LinkedIn,LinkedIn_B2B,0,0,1901,331,13574
U0960,2026-03-04 04:00:00,Facebook,FB_Summer,1,900,7147,232,13497
U0961,2026-03-16 05:00:00,LinkedIn,LinkedIn_B2B,0,0,7969,500,9608
U0961,2026-02-08 19:00:00,Google,Google_Search,0,0,7494,466,18942
U0961,2026-01-01 05:00:00,LinkedIn,LinkedIn_B2B,0,0,6914,156,9882
U0961,2026-03-29 08:00:00,LinkedIn,LinkedIn_B2B,0,0,5369,324,8493
U0961,2026-01-01 09:00:00,Blog,Content_Marketing,1,400,3070,234,10043
U0962,2026-03-29 15:00:00,LinkedIn,LinkedIn_B2B,0,0,1760,108,9543
U0962,2026-02-28 16:00:00,Blog,Content_Marketing,0,0,1520,118,1264
U0962,2026-01-02 18:00:00,LinkedIn,LinkedIn_B2B,0,0,4567,267,4105
U0962,2026-01-25 01:00:00,Blog,Content_Marketing,0,0,1489,101,18560
U0963,2026-02-09 06:00:00,Google,Google_Search,0,0,3049,167,15192
U0963,2026-03-10 13:00:00,TikTok,TikTok_Viral,0,0,4980,458,18973
U0963,2026-03-12 14:00:00,Google,Google_Search,0,0,5296,213,14868
U0963,2026-01-17 10:00:00,LinkedIn,LinkedIn_B2B,1,150,5488,383,1075
U0964,2026-03-26 06:00:00,Blog,Content_Marketing,0,0,3156,141,7428
U0964,2026-02-21 01:00:00,Google,Google_Search,1,600,5114,271,11985
U0965,2026-01-18 05:00:00,LinkedIn,LinkedIn_B2B,0,0,2256,63,14228
U0965,2026-03-03 01:00:00,TikTok,TikTok_Viral,0,0,5823,339,5642
U0965,2026-01-13 12:00:00,Google,Google_Search,0,0,5254,122,5218
U0966,2026-01-05 01:00:00,LinkedIn,LinkedIn_B2B,0,0,2068,144,6770
U0966,2026-02-17 12:00:00,Google,Google_Search,0,0,7055,364,2519
U0967,2026-02-02 17:00:00,Facebook,FB_Summer,0,0,2866,378,6711
U0968,2026-02-18 03:00:00,Blog,Content_Marketing,0,0,3082,221,14491
U0968,2026-02-12 04:00:00,LinkedIn,LinkedIn_B2B,0,0,7328,461,10763
U0968,2026-02-26 13:00:00,Blog,Content_Marketing,0,0,4522,269,7334
U0969,2026-03-16 11:00:00,Google,Google_Search,0,0,4879,370,8946
U0969,2026-03-26 18:00:00,LinkedIn,LinkedIn_B2B,0,0,4865,475,8603
U0969,2026-02-21 02:00:00,LinkedIn,LinkedIn_B2B,0,0,4311,239,11895
U0970,2026-03-04 12:00:00,LinkedIn,LinkedIn_B2B,0,0,6239,311,2985
U0970,2026-02-23 13:00:00,Blog,Content_Marketing,0,0,4026,162,9166
U0970,2026-03-16 22:00:00,TikTok,TikTok_Viral,0,0,3218,441,13904
U0970,2026-02-10 21:00:00,TikTok,TikTok_Viral,0,0,6647,408,14360
U0970,2026-03-23 18:00:00,Facebook,FB_Summer,0,0,3372,153,13722
U0971,2026-01-14 10:00:00,LinkedIn,LinkedIn_B2B,0,0,6282,407,14708
U0971,2026-03-22 17:00:00,Facebook,FB_Summer,0,0,6401,196,14461
U0971,2026-02-12 16:00:00,Blog,Content_Marketing,0,0,4382,451,4318
U0971,2026-03-10 04:00:00,TikTok,TikTok_Viral,0,0,6045,361,18903
U0972,2026-02-15 07:00:00,Google,Google_Search,1,600,7402,313,7446
U0973,2026-02-01 00:00:00,Google,Google_Search,0,0,1482,291,6441
U0973,2026-01-13 08:00:00,Google,Google_Search,0,0,5537,414,1625
U0973,2026-01-18 12:00:00,Blog,Content_Marketing,0,0,2003,196,14049
U0973,2026-03-17 09:00:00,Facebook,FB_Summer,0,0,6262,192,5723
U0974,2026-03-31 09:00:00,TikTok,TikTok_Viral,0,0,2566,356,4567
U0974,2026-01-18 23:00:00,TikTok,TikTok_Viral,0,0,3462,55,8052
U0974,2026-03-15 08:00:00,TikTok,TikTok_Viral,0,0,1899,142,14553
U0974,2026-02-07 18:00:00,TikTok,TikTok_Viral,0,0,6506,63,14490
U0974,2026-01-29 06:00:00,Unknown,Content_Marketing,0,0,4191,105,6564
U0975,2026-02-21 22:00:00,Google,Google_Search,0,0,1277,439,3664
U0975,2026-01-29 07:00:00,Facebook,FB_Summer,0,0,6454,264,16795
U0975,2026-03-29 08:00:00,Unknown,FB_Summer,0,0,5614,329,9693
U0976,2026-02-25 15:00:00,Google,Google_Search,0,0,5459,96,4399
U0977,2026-03-16 20:00:00,LinkedIn,LinkedIn_B2B,0,0,1204,74,11208
U0977,2026-01-05 04:00:00,Facebook,FB_Summer,0,0,4416,110,14244
U0977,2026-01-05 23:00:00,Blog,Content_Marketing,0,0,3018,199,5731
U0977,2026-01-26 08:00:00,Google,Google_Search,0,0,5534,183,6109
U0978,2026-01-26 02:00:00,LinkedIn,LinkedIn_B2B,1,150,6499,99,16914
U0979,2026-03-11 12:00:00,Facebook,FB_Summer,0,0,6749,94,17236
U0979,2026-01-27 04:00:00,Google,Google_Search,0,0,7943,468,1531
U0979,2026-02-16 15:30:00,Facebook,FB_Summer,0,0,5266,334,3892
U0979,2026-01-12 03:00:00,LinkedIn,LinkedIn_B2B,0,0,3450,212,5479
U0979,2026-03-31 02:00:00,TikTok,TikTok_Viral,0,0,4902,484,17714
U0980,2026-02-07 13:00:00,TikTok,TikTok_Viral,0,0,1652,69,17361
U0980,2026-03-20 03:00:00,LinkedIn,LinkedIn_B2B,0,0,3345,136,9175
U0980,2026-01-16 11:00:00,Facebook,FB_Summer,1,900,1675,221,8136
U0981,2026-03-18 21:00:00,TikTok,TikTok_Viral,0,0,4330,330,9299
U0981,2026-02-13 05:00:00,LinkedIn,LinkedIn_B2B,0,0,7058,209,3459
U0981,2026-01-18 20:00:00,Google,Google_Search,0,0,6796,288,18786
U0982,2026-03-09 11:00:00,Blog,Content_Marketing,0,0,5897,163,2912
U0982,2026-02-17 03:00:00,Google,Google_Search,0,0,4544,281,12398
U0982,2026-01-27 11:00:00,TikTok,TikTok_Viral,0,0,7977,144,15688
U0982,2026-02-28 04:00:00,Google,Google_Search,0,0,4318,237,1848
U0982,2026-02-18 00:00:00,LinkedIn,LinkedIn_B2B,1,250,6356,190,4644
U0983,2026-03-07 20:00:00,TikTok,TikTok_Viral,0,0,1331,453,17775
,2026-01-14 00:00:00,TikTok,TikTok_Viral,0,0,4351,327,2933
U0984,2026-01-18 17:00:00,TikTok,TikTok_Viral,0,0,5108,418,4647
U0984,2026-02-14 21:00:00,Google,Google_Search,0,0,2482,139,19221
U0984,2026-02-06 00:00:00,Facebook,FB_Summer,0,0,5309,148,12728
U0985,2026-01-01 08:00:00,Google,Google_Search,0,0,4705,359,4795
U0985,2026-02-17 03:00:00,Facebook,FB_Summer,0,0,1243,472,11302
U0985,2026-02-10 14:00:00,Facebook,FB_Summer,0,0,5850,117,1250
U0985,2026-02-07 03:00:00,TikTok,TikTok_Viral,0,0,5008,334,2341
U0985,2026-03-01 16:00:00,Blog,Content_Marketing,1,250,7975,87,1777
U0986,2026-02-06 22:00:00,Blog,Content_Marketing,0,0,3727,496,5136
U0986,2026-01-13 20:00:00,Blog,Content_Marketing,0,0,4720,197,5223
U0986,2026-01-05 05:00:00,Blog,Content_Marketing,0,0,5999,164,1739
U0987,2026-03-05 17:00:00,LinkedIn,LinkedIn_B2B,0,0,2862,287,19294
U0987,2026-01-15 21:00:00,Blog,Content_Marketing,0,0,6942,417,15569
U0987,2026-01-31 23:00:00,LinkedIn,LinkedIn_B2B,0,0,3719,332,11589
U0987,2026-03-05 11:00:00,LinkedIn,LinkedIn_B2B,1,150,5462,438,10117
U0988,2026-03-19 13:00:00,TikTok,TikTok_Viral,0,0,2255,316,18800
U0988,2026-01-02 12:00:00,TikTok,TikTok_Viral,0,0,4765,173,8652
U0989,2026-02-26 01:00:00,LinkedIn,LinkedIn_B2B,0,0,1763,164,14705
U0989,2026-01-09 09:00:00,Blog,Content_Marketing,0,0,2801,375,1671
U0989,2026-02-05 06:00:00,Blog,Content_Marketing,0,0,6244,363,14034
U0989,2026-02-04 09:00:00,LinkedIn,LinkedIn_B2B,1,250,2477,215,1299
U0990,2026-01-31 23:00:00,Facebook,FB_Summer,0,0,5196,52,2045
U0990,2026-01-11 14:00:00,LinkedIn,LinkedIn_B2B,0,0,3801,176,14052
U0990,2026-01-14 10:00:00,Blog,Content_Marketing,0,0,5791,64,13588
U0990,2026-02-16 15:30:00,Facebook,FB_Summer,0,0,4022,281,3013
U0990,2026-01-28 07:00:00,Facebook,FB_Summer,1,250,5913,199,12758
U0991,2026-02-11 20:00:00,Google,Google_Search,0,0,2854,73,10159
U0991,2026-01-18 19:00:00,Google,Google_Search,1,150,6056,357,3970
U0992,2026-03-04 09:00:00,Google,Google_Search,0,0,1216,204,3851
U0992,2026-03-01 17:00:00,TikTok,TikTok_Viral,0,0,6607,173,6770
U0992,2026-02-18 19:00:00,TikTok,TikTok_Viral,0,0,4245,163,5135
U0992,2026-01-05 06:00:00,LinkedIn,LinkedIn_B2B,0,0,1369,204,18420
U0993,2026-01-20 01:00:00,Unknown,FB_Summer,0,0,5722,172,8979
U0993,2026-02-17 19:00:00,Facebook,FB_Summer,0,0,1506,51,2904
U0993,2026-01-24 22:00:00,Google,Google_Search,0,0,2197,144,12157
U0994,2026-01-09 16:00:00,TikTok,TikTok_Viral,0,0,1020,422,15729
U0994,2026-03-21 04:00:00,Blog,Content_Marketing,0,0,6955,461,8117
U0994,2026-01-30 02:00:00,Facebook,FB_Summer,0,0,7404,323,3472
U0994,2026-02-12 12:00:00,LinkedIn,LinkedIn_B2B,1,250,4636,56,4875
U0995,2026-01-26 21:00:00,LinkedIn,LinkedIn_B2B,0,0,6489,281,17349
U0995,2026-02-23 22:00:00,TikTok,TikTok_Viral,0,0,4857,381,14699
U0995,2026-01-17 00:00:00,Google,Google_Search,0,0,6736,381,11523
U0995,2026-03-12 01:00:00,TikTok,TikTok_Viral,0,0,1490,129,5326
U0995,2026-01-09 21:00:00,Facebook,FB_Summer,1,250,4619,62,13660
U0996,2026-02-12 07:00:00,Facebook,FB_Summer,0,0,5416,232,6089
U0996,2026-01-18 12:00:00,Google,Google_Search,0,0,5199,238,14568
U0996,2026-03-05 02:00:00,Facebook,FB_Summer,0,0,2577,61,2312
U0996,2026-02-01 14:00:00,Google,Google_Search,1,600,7163,325,19500
U0997,2026-01-27 04:00:00,Google,Google_Search,0,0,5114,485,13455
U0997,2026-03-20 06:00:00,TikTok,TikTok_Viral,1,150,6845,182,4384
U0998,2026-02-22 10:00:00,TikTok,TikTok_Viral,0,0,2722,318,5569
U0998,2026-01-13 03:00:00,Unknown,Google_Search,0,0,4177,461,12570
U0998,2026-03-31 13:00:00,Facebook,FB_Summer,0,0,7496,498,8219
U0998,2026-01-09 04:00:00,LinkedIn,LinkedIn_B2B,1,150,3829,162,9156
U0999,2026-02-10 12:00:00,TikTok,TikTok_Viral,0,0,4615,311,10617
U0999,2026-02-24 05:00:00,Blog,Content_Marketing,0,0,6801,238,4942
U0999,2026-02-09 13:00:00,Google,Google_Search,0,0,5739,116,19595
U0999,2026-02-11 12:00:00,TikTok,TikTok_Viral,1,400,7704,394,2777
U1000,2026-02-23 22:00:00,TikTok,TikTok_Viral,0,0,3617,409,1713
U1000,2026-02-26 18:00:00,Blog,Content_Marketing,0,0,2134,87,5292
U1000,2026-01-15 09:00:00,Blog,Content_Marketing,0,0,1035,145,5828
U1000,2026-02-07 15:00:00,Facebook,FB_Summer,0,0,8000,408,1204
U1001,2026-03-14 14:00:00,TikTok,TikTok_Viral,0,0,5257,199,2701
U1001,2026-01-04 06:00:00,TikTok,TikTok_Viral,0,0,3397,281,19202
U1001,2026-02-01 06:00:00,Facebook,FB_Summer,1,400,1459,340,9838
U1002,2026-03-04 12:00:00,TikTok,TikTok_Viral,0,0,4334,372,8199
U1002,2026-03-08 13:00:00,Facebook,FB_Summer,0,0,7502,472,5965
U1002,2026-01-07 23:00:00,Google,Google_Search,0,0,2036,248,9294
U1003,2026-01-28 13:00:00,Facebook,FB_Summer,0,0,7471,310,6452
U1003,2026-03-19 12:00:00,Blog,Content_Marketing,0,0,2694,245,1285
U1003,2026-03-23 21:00:00,LinkedIn,LinkedIn_B2B,0,0,5910,118,1787
U1003,2026-02-17 13:00:00,Blog,Content_Marketing,0,0,2538,124,9570
U1003,2026-02-17 02:00:00,Blog,Content_Marketing,1,150,7757,384,1029
U1004,2026-02-07 12:00:00,LinkedIn,LinkedIn_B2B,0,0,6860,403,2966
U1005,2026-03-09 23:00:00,Facebook,FB_Summer,0,0,1292,196,9365
U1005,2026-01-08 09:00:00,Google,Google_Search,0,0,4153,310,12138
U1005,2026-03-29 06:00:00,Google,Google_Search,0,0,1844,190,17877
U1005,2026-03-03 09:00:00,Unknown,FB_Summer,0,0,1344,369,1393
U1005,2026-02-21 16:00:00,Google,Google_Search,0,0,4989,480,15771
U1006,2026-01-12 19:00:00,Google,Google_Search,0,0,6382,102,14264
U1006,2026-03-09 22:00:00,Blog,Content_Marketing,0,0,1842,273,4060
U1006,2026-02-16 16:00:00,Google,Google_Search,0,0,4460,107,3791
U1006,2026-03-15 15:00:00,Blog,Content_Marketing,0,0,7028,414,18082
U1006,2026-03-26 06:00:00,Facebook,FB_Summer,1,250,6893,214,1920
U1007,2026-01-25 08:00:00,LinkedIn,LinkedIn_B2B,0,0,4456,217,15409
U1007,2026-03-11 11:00:00,Facebook,FB_Summer,0,0,5739,385,17684
U1007,2026-02-06 05:00:00,Facebook,FB_Summer,1,150,7363,408,16793
U1008,2026-03-29 10:00:00,Google,Google_Search,0,0,5489,298,7816
U1008,2026-01-26 00:00:00,Google,Google_Search,0,0,7764,286,6857
U1008,2026-02-19 13:00:00,TikTok,TikTok_Viral,0,0,3594,85,13156
U1009,2026-01-17 16:00:00,LinkedIn,LinkedIn_B2B,0,0,2954,52,18837
U1010,2026-03-10 18:00:00,Google,Google_Search,0,0,1065,377,15964
U1010,2026-03-13 22:00:00,Facebook,FB_Summer,0,0,4843,283,4799
U1010,2026-03-06 09:00:00,Google,Google_Search,0,0,6345,308,13777
U1010,2026-01-01 19:00:00,Facebook,FB_Summer,1,150,1599,74,5638
U1011,2026-02-07 21:00:00,Facebook,FB_Summer,0,0,1424,228,16840
U1011,2026-03-02 03:00:00,TikTok,TikTok_Viral,0,0,4499,111,19993
U1011,2026-03-22 15:00:00,Blog,Content_Marketing,0,0,3866,445,14066
U1012,2026-02-07 01:00:00,TikTok,TikTok_Viral,0,0,2921,149,10423
U1012,2026-01-03 00:00:00,LinkedIn,LinkedIn_B2B,0,0,7751,479,10225
U1012,2026-03-28 12:00:00,Facebook,FB_Summer,0,0,6112,152,6973
U1012,2026-01-12 18:00:00,Facebook,FB_Summer,1,900,6762,56,16029
U1013,2026-03-03 21:00:00,LinkedIn,LinkedIn_B2B,1,400,5037,453,4745
U1014,2026-03-31 03:00:00,Google,Google_Search,1,400,2240,264,1292
U1015,2026-02-21 11:00:00,Facebook,FB_Summer,0,0,7919,289,12018
U1016,2026-01-27 07:00:00,Blog,Content_Marketing,0,0,3934,301,3924
U1016,2026-01-24 03:00:00,Blog,Content_Marketing,0,0,7702,179,13596
U1016,2026-04-01 16:00:00,Facebook,FB_Summer,0,0,3323,397,8866
U1016,2026-01-03 06:00:00,Facebook,FB_Summer,0,0,2136,468,14358
U1016,2026-02-16 04:00:00,TikTok,TikTok_Viral,1,900,3728,185,6454
U1017,2026-01-01 01:00:00,LinkedIn,LinkedIn_B2B,0,0,6388,122,1681
U1017,2026-02-20 21:00:00,Blog,Content_Marketing,0,0,7470,58,11473
U1017,2026-03-17 00:00:00,Google,Google_Search,0,0,2173,303,4753
U1017,2026-03-25 06:00:00,TikTok,TikTok_Viral,0,0,2623,170,11494
U1018,2026-03-18 22:00:00,TikTok,TikTok_Viral,0,0,1732,79,2863
U1018,2026-03-17 01:00:00,Google,Google_Search,0,0,5530,277,18073
U1018,2026-01-01 09:00:00,Unknown,Google_Search,0,0,5314,379,8557
U1018,2026-03-31 08:00:00,LinkedIn,LinkedIn_B2B,1,150,7193,142,2657
U1019,2026-02-03 22:00:00,Google,Google_Search,0,0,2986,444,14680
U1019,2026-01-22 17:00:00,TikTok,TikTok_Viral,0,0,1674,121,5492
U1019,2026-03-08 02:00:00,TikTok,TikTok_Viral,0,0,3482,449,16036
U1019,2026-02-28 00:00:00,LinkedIn,LinkedIn_B2B,0,0,7784,491,3892
U1019,2026-02-14 21:00:00,Google,Google_Search,1,150,3003,54,15177
U1020,2026-02-27 19:00:00,Blog,Content_Marketing,0,0,5788,113,11106
U1020,2026-03-27 13:00:00,Facebook,FB_Summer,0,0,3916,381,1943
U1020,2026-02-21 15:00:00,Google,Google_Search,0,0,5057,295,14045
U1020,2026-03-26 16:00:00,Facebook,FB_Summer,1,150,2934,271,18850
U1021,2026-01-12 23:00:00,Google,Google_Search,0,0,2322,285,14156
U1021,2026-03-17 05:00:00,Facebook,FB_Summer,0,0,7805,403,17871
U1021,2026-03-14 22:00:00,Google,Google_Search,0,0,4237,468,11645
U1021,2026-01-24 17:00:00,Facebook,FB_Summer,0,0,5405,361,1022
U1021,2026-02-07 18:00:00,TikTok,TikTok_Viral,1,400,1869,119,11599
U1022,2026-03-01 04:00:00,TikTok,TikTok_Viral,0,0,4114,201,1817
U1022,2026-01-25 17:00:00,Unknown,Content_Marketing,0,0,1240,87,10532
U1022,2026-02-26 03:00:00,Google,Google_Search,1,900,5517,348,7175
U1023,2026-03-17 11:00:00,Facebook,FB_Summer,0,0,5365,275,3630
U1023,2026-02-09 16:00:00,Google,Google_Search,0,0,7339,72,1142
U1023,2026-01-24 08:00:00,Blog,Content_Marketing,0,0,4663,337,17098
U1023,2026-03-23 14:00:00,LinkedIn,LinkedIn_B2B,0,0,7340,122,7428
U1023,2026-01-16 03:00:00,Google,Google_Search,0,0,1522,379,17619
U1024,2026-02-05 05:00:00,TikTok,TikTok_Viral,0,0,6268,357,12292
U1024,2026-01-24 05:00:00,Facebook,FB_Summer,0,0,7724,110,19376
U1024,2026-02-16 15:30:00,Google,Google_Search,0,0,6234,150,1649
U1024,2026-02-03 05:00:00,Facebook,FB_Summer,0,0,3126,409,19815
U1025,2026-03-02 23:00:00,Facebook,FB_Summer,0,0,3675,303,4015
U1025,2026-02-09 12:00:00,LinkedIn,LinkedIn_B2B,0,0,4342,397,17254
U1025,2026-01-07 23:00:00,LinkedIn,LinkedIn_B2B,0,0,3964,380,10959
U1025,2026-02-17 07:00:00,LinkedIn,LinkedIn_B2B,1,400,6368,269,18988
U1026,2026-03-07 06:00:00,LinkedIn,LinkedIn_B2B,0,0,7443,201,19401
U1026,2026-03-26 11:00:00,Facebook,FB_Summer,0,0,4411,476,17204
U1026,2026-02-25 12:00:00,Facebook,FB_Summer,0,0,1240,490,16096
U1026,2026-02-16 16:00:00,TikTok,TikTok_Viral,0,0,3381,174,6212
U1026,2026-03-20 17:00:00,TikTok,TikTok_Viral,1,600,2997,496,15110
U1027,2026-01-05 11:00:00,Blog,Content_Marketing,0,0,7551,80,12835
U1027,2026-03-18 05:00:00,Google,Google_Search,0,0,7739,54,2675
U1027,2026-01-26 08:00:00,TikTok,TikTok_Viral,0,0,2606,340,2496
U1027,2026-02-27 07:00:00,TikTok,TikTok_Viral,0,0,5835,211,9835
U1027,2026-02-16 15:30:00,LinkedIn,LinkedIn_B2B,1,400,1234,82,14818
U1028,2026-02-14 03:00:00,Blog,Content_Marketing,0,0,6210,52,10827
U1028,2026-01-03 21:00:00,LinkedIn,LinkedIn_B2B,1,400,3813,166,3121
U1029,2026-02-03 21:00:00,Blog,Content_Marketing,0,0,7148,301,11833
U1029,2026-01-11 23:00:00,Facebook,FB_Summer,1,900,6380,230,19877
U1030,2026-02-21 11:00:00,Facebook,FB_Summer,1,250,5516,272,13461
U1031,2026-03-30 01:00:00,Google,Google_Search,0,0,5538,416,12471
U1031,2026-02-07 10:00:00,LinkedIn,LinkedIn_B2B,1,400,1335,458,3648
U1032,2026-01-13 02:00:00,LinkedIn,LinkedIn_B2B,0,0,7789,233,11245
U1032,2026-03-30 14:00:00,Facebook,FB_Summer,0,0,4882,145,18819
U1032,2026-02-23 14:00:00,Google,Google_Search,0,0,7909,121,3846
U1032,2026-03-02 11:00:00,LinkedIn,LinkedIn_B2B,0,0,7120,135,14939
U1032,2026-01-13 05:00:00,LinkedIn,LinkedIn_B2B,1,150,1970,311,15485
U1033,2026-03-17 19:00:00,Google,Google_Search,0,0,5943,476,15138
U1033,2026-01-03 07:00:00,Facebook,FB_Summer,0,0,4570,431,17189
U1033,2026-02-09 10:00:00,Google,Google_Search,0,0,5834,326,5680
U1033,2026-03-28 22:00:00,Facebook,FB_Summer,0,0,1818,138,8055
U1034,2026-03-13 16:00:00,Blog,Content_Marketing,0,0,1740,386,10560
U1034,2026-01-08 04:00:00,Facebook,FB_Summer,0,0,4000,73,5743
U1034,2026-01-23 23:00:00,Blog,Content_Marketing,1,150,3963,442,13159
U1035,2026-01-24 19:00:00,TikTok,TikTok_Viral,0,0,5837,62,10346
U1035,2026-01-25 02:00:00,LinkedIn,LinkedIn_B2B,0,0,3037,273,13206
U1035,2026-01-11 01:00:00,Facebook,FB_Summer,0,0,5794,297,16848
U1035,2026-02-16 15:30:00,Google,Google_Search,1,600,5788,108,16325
U1036,2026-02-13 02:00:00,TikTok,TikTok_Viral,0,0,1913,481,15003
U1036,2026-03-29 19:00:00,Facebook,FB_Summer,0,0,2872,469,6099
U1036,2026-01-13 18:00:00,Facebook,FB_Summer,0,0,7445,214,15504
U1036,2026-03-28 14:00:00,Facebook,FB_Summer,0,0,3940,120,19509
U1036,2026-03-29 14:00:00,Blog,Content_Marketing,0,0,7966,354,3653
U1037,2026-02-16 15:30:00,Google,Google_Search,0,0,1048,117,13362
U1037,2026-02-01 17:00:00,Blog,Content_Marketing,0,0,7101,208,12344
U1037,2026-01-22 19:00:00,Google,Google_Search,1,150,1386,171,2557
U1038,2026-01-27 08:00:00,Blog,Content_Marketing,0,0,3437,370,3254
U1038,2026-01-19 07:00:00,Blog,Content_Marketing,0,0,1618,174,19004
U1038,2026-02-27 05:00:00,Facebook,FB_Summer,0,0,2996,175,10201
U1039,2026-02-16 15:30:00,Google,Google_Search,0,0,6386,330,6539
U1039,2026-01-31 05:00:00,LinkedIn,LinkedIn_B2B,0,0,6990,89,13672
U1039,2026-01-16 23:00:00,Blog,Content_Marketing,0,0,1074,171,18611
U1039,2026-03-28 21:00:00,Blog,Content_Marketing,0,0,3011,427,13464
U1040,2026-03-07 18:00:00,TikTok,TikTok_Viral,0,0,2508,73,2400
U1040,2026-02-15 04:00:00,Google,Google_Search,0,0,1412,292,1289
U1040,2026-01-15 13:00:00,TikTok,TikTok_Viral,0,0,1225,456,18469
U1040,2026-02-11 03:00:00,Blog,Content_Marketing,0,0,1662,441,4608
U1040,2026-01-11 19:00:00,Blog,Content_Marketing,0,0,3976,265,16486
U1041,2026-02-13 12:00:00,LinkedIn,LinkedIn_B2B,0,0,5083,90,8743
U1041,2026-02-27 23:00:00,TikTok,TikTok_Viral,1,600,5104,306,14607
U1042,2026-03-16 11:00:00,Facebook,FB_Summer,0,0,7792,245,15438
U1042,2026-01-29 00:00:00,Blog,Content_Marketing,1,600,2602,328,18195
U1043,2026-01-22 23:00:00,Google,Google_Search,0,0,7237,197,13477
U1043,2026-02-08 09:00:00,Google,Google_Search,0,0,4475,154,8156
U1043,2026-02-07 21:00:00,Google,Google_Search,0,0,1792,400,10771
U1043,2026-03-22 21:00:00,Facebook,FB_Summer,1,250,1923,357,14001
U1044,2026-02-23 08:00:00,Facebook,FB_Summer,0,0,4089,325,19526
U1044,2026-03-17 16:00:00,TikTok,TikTok_Viral,0,0,5515,336,8580
U1044,2026-01-04 08:00:00,Google,Google_Search,0,0,6248,166,14158
U1044,2026-03-30 02:00:00,Facebook,FB_Summer,0,0,2187,449,4722
U1044,2026-03-03 01:00:00,Facebook,FB_Summer,1,600,1357,185,2634
U1045,2026-01-13 02:00:00,Blog,Content_Marketing,0,0,3300,295,5065
U1045,2026-01-25 00:00:00,Blog,Content_Marketing,0,0,7329,255,2750
U1045,2026-02-12 21:00:00,TikTok,TikTok_Viral,0,0,6957,316,9258
U1045,2026-03-03 09:00:00,Blog,Content_Marketing,0,0,3586,132,5417
U1046,2026-01-15 08:00:00,Google,Google_Search,1,900,4420,232,17933
U1047,2026-02-25 02:00:00,Google,Google_Search,0,0,6788,210,14316
U1048,2026-01-26 03:00:00,TikTok,TikTok_Viral,0,0,7822,230,15700
U1048,2026-02-23 03:00:00,Facebook,FB_Summer,0,0,4997,337,17617
U1049,2026-01-28 16:00:00,Blog,Content_Marketing,0,0,5794,77,13843
U1050,2026-02-16 15:30:00,Google,Google_Search,0,0,5044,228,7177
U1050,2026-01-15 12:00:00,Facebook,FB_Summer,0,0,1987,460,8932
U1050,2026-03-02 19:00:00,Google,Google_Search,0,0,7179,484,2487
U1050,2026-03-30 19:00:00,LinkedIn,LinkedIn_B2B,0,0,5926,232,10694
U1050,2026-03-08 10:00:00,LinkedIn,LinkedIn_B2B,0,0,7720,494,8681
U1051,2026-03-03 08:00:00,Facebook,FB_Summer,0,0,2191,214,12207
U1051,2026-02-26 08:00:00,Google,Google_Search,0,0,3643,335,3187
U1051,2026-03-05 13:00:00,LinkedIn,LinkedIn_B2B,0,0,6760,143,7156
U1051,2026-01-05 03:00:00,TikTok,TikTok_Viral,0,0,3139,233,9460
U1051,2026-01-27 23:00:00,Google,Google_Search,0,0,3571,249,8131
U1052,2026-03-02 19:00:00,Google,Google_Search,1,150,6093,73,15045
U1053,2026-03-10 14:00:00,Blog,Content_Marketing,0,0,5607,433,6761
U1053,2026-02-28 15:00:00,Google,Google_Search,0,0,7229,97,14714
U1053,2026-03-07 02:00:00,TikTok,TikTok_Viral,1,400,4854,148,15050
U1054,2026-03-30 04:00:00,TikTok,TikTok_Viral,0,0,1091,411,6906
U1054,2026-01-17 20:00:00,LinkedIn,LinkedIn_B2B,0,0,3214,98,18210
U1054,2026-01-08 13:00:00,Facebook,FB_Summer,0,0,4554,210,11110
U1054,2026-01-13 17:00:00,Google,Google_Search,0,0,2377,201,19112
U1055,2026-01-21 22:00:00,Google,Google_Search,0,0,1059,407,11081
U1055,2026-02-22 11:00:00,TikTok,TikTok_Viral,0,0,7027,313,14952
U1055,2026-02-16 15:30:00,Google,Google_Search,0,0,3334,102,11122
U1056,2026-03-21 17:00:00,Facebook,FB_Summer,0,0,1318,213,11192
U1056,2026-02-08 10:00:00,Facebook,FB_Summer,0,0,5166,472,6868
U1056,2026-01-10 21:00:00,Unknown,TikTok_Viral,0,0,2635,212,13560
U1056,2026-03-20 08:00:00,LinkedIn,LinkedIn_B2B,1,400,1288,374,6718
U1057,2026-02-18 13:00:00,TikTok,TikTok_Viral,0,0,2419,446,6501
U1057,2026-02-14 07:00:00,Blog,Content_Marketing,1,900,1760,477,3143
U1058,2026-03-28 00:00:00,Blog,Content_Marketing,0,0,3503,114,10189
U1058,2026-02-07 00:00:00,Facebook,FB_Summer,0,0,2538,188,14438
U1058,2026-01-26 09:00:00,Facebook,FB_Summer,0,0,2950,181,7838
U1058,2026-02-17 03:00:00,TikTok,TikTok_Viral,0,0,6015,180,2221
U1058,2026-02-25 11:00:00,Blog,Content_Marketing,1,150,5604,140,13573
U1059,2026-02-12 10:00:00,Blog,Content_Marketing,0,0,7822,61,19927
U1059,2026-01-21 17:00:00,LinkedIn,LinkedIn_B2B,0,0,4057,361,9912
U1059,2026-03-22 00:00:00,TikTok,TikTok_Viral,0,0,4456,195,11707
U1059,2026-02-11 19:00:00,Facebook,FB_Summer,0,0,1367,182,16004
U1059,2026-03-12 16:00:00,Google,Google_Search,0,0,5822,224,9977
U1060,2026-02-05 09:00:00,Facebook,FB_Summer,0,0,4090,314,15209
U1060,2026-02-27 18:00:00,TikTok,TikTok_Viral,1,900,4347,408,4489
U1061,2026-03-16 01:00:00,TikTok,TikTok_Viral,0,0,1672,91,1862
U1061,2026-03-09 08:00:00,Facebook,FB_Summer,0,0,4670,102,12033
U1061,2026-03-03 11:00:00,Unknown,TikTok_Viral,0,0,3774,89,18787
U1061,2026-02-24 00:00:00,Blog,Content_Marketing,0,0,3136,338,6921
U1062,2026-02-17 19:00:00,Facebook,FB_Summer,0,0,3684,59,10117
U1062,2026-01-03 20:00:00,LinkedIn,LinkedIn_B2B,1,250,5723,454,8514
U1063,2026-01-06 04:00:00,LinkedIn,LinkedIn_B2B,0,0,2457,457,19382
U1063,2026-01-10 15:00:00,TikTok,TikTok_Viral,0,0,3712,460,15604
U1063,2026-02-08 01:00:00,Google,Google_Search,0,0,6590,489,8887
U1063,2026-02-11 22:00:00,Blog,Content_Marketing,1,400,4083,497,10858
U1064,2026-02-01 16:00:00,TikTok,TikTok_Viral,0,0,4335,490,19326
U1064,2026-03-27 12:00:00,Google,Google_Search,0,0,6898,480,3771
U1064,2026-01-11 04:00:00,Google,Google_Search,0,0,1688,462,7828
U1064,2026-02-07 20:00:00,Google,Google_Search,0,0,6800,300,16062
U1064,2026-03-09 12:00:00,LinkedIn,LinkedIn_B2B,0,0,3683,262,5806
U1065,2026-01-28 08:00:00,TikTok,TikTok_Viral,1,150,3114,256,17668
U1066,2026-01-30 03:00:00,Facebook,FB_Summer,0,0,2821,239,15409
U1066,2026-01-12 15:00:00,Unknown,TikTok_Viral,0,0,2800,479,5064
U1066,2026-02-08 08:00:00,TikTok,TikTok_Viral,0,0,2417,395,14548
U1066,2026-02-19 07:00:00,Facebook,FB_Summer,0,0,1337,310,19162
U1066,2026-03-04 15:00:00,Blog,Content_Marketing,1,600,4066,363,9933
U1067,2026-03-06 22:00:00,LinkedIn,LinkedIn_B2B,0,0,4654,433,16063
U1067,2026-01-04 07:00:00,LinkedIn,LinkedIn_B2B,0,0,3305,62,9688
U1067,2026-01-03 15:00:00,Facebook,FB_Summer,1,150,4646,229,7544
U1068,2026-02-10 15:00:00,Google,Google_Search,0,0,6095,351,2906
U1068,2026-03-24 22:00:00,Google,Google_Search,0,0,7523,259,13209
U1068,2026-02-15 23:00:00,TikTok,TikTok_Viral,0,0,3157,225,9000
U1069,2026-02-16 07:00:00,TikTok,TikTok_Viral,0,0,6544,116,14487
U1069,2026-01-05 20:00:00,TikTok,TikTok_Viral,0,0,1301,183,16283
U1069,2026-03-15 23:00:00,Google,Google_Search,0,0,3520,349,12851
U1069,2026-01-10 02:00:00,TikTok,TikTok_Viral,0,0,5846,426,14077
U1069,2026-01-11 02:00:00,LinkedIn,LinkedIn_B2B,1,400,2761,433,15674
U1070,2026-01-10 09:00:00,TikTok,TikTok_Viral,0,0,1761,311,14381
,2026-03-04 21:00:00,Blog,Content_Marketing,0,0,4371,254,13563
U1070,2026-01-19 22:00:00,Blog,Content_Marketing,1,600,4021,256,12242
U1071,2026-03-09 20:00:00,Google,Google_Search,0,0,2906,404,8587
U1071,2026-01-24 18:00:00,Google,Google_Search,0,0,1142,211,10117
U1071,2026-03-29 07:00:00,TikTok,TikTok_Viral,0,0,1549,179,2795
U1071,2026-01-09 06:00:00,LinkedIn,LinkedIn_B2B,0,0,3525,298,11077
U1071,2026-02-01 06:00:00,TikTok,TikTok_Viral,1,400,7006,429,17395
U1072,2026-02-28 09:00:00,Unknown,LinkedIn_B2B,0,0,3681,360,9600
U1072,2026-01-14 00:00:00,LinkedIn,LinkedIn_B2B,0,0,6914,165,17533
U1072,2026-03-24 07:00:00,TikTok,TikTok_Viral,0,0,7125,399,14313
U1073,2026-03-03 09:00:00,TikTok,TikTok_Viral,0,0,4002,89,17563
U1073,2026-01-02 04:00:00,Facebook,FB_Summer,0,0,4427,445,11429
U1073,2026-01-11 11:00:00,Blog,Content_Marketing,0,0,5407,236,6498
U1073,2026-03-04 17:00:00,Google,Google_Search,1,250,6078,79,19918
U1074,2026-01-22 17:00:00,Google,Google_Search,0,0,7877,493,4624
U1074,2026-02-28 11:00:00,TikTok,TikTok_Viral,0,0,7994,99,8220
U1074,2026-03-10 18:00:00,LinkedIn,LinkedIn_B2B,0,0,6999,78,7425
U1074,2026-01-09 08:00:00,Blog,Content_Marketing,0,0,5970,468,6670
U1074,2026-01-21 03:00:00,LinkedIn,LinkedIn_B2B,1,250,7099,480,8935
U1075,2026-01-09 16:00:00,Facebook,FB_Summer,0,0,1742,94,10690
U1076,2026-02-01 02:00:00,Facebook,FB_Summer,0,0,7954,77,3056
U1076,2026-01-29 01:00:00,LinkedIn,LinkedIn_B2B,0,0,4684,275,18459
U1076,2026-03-27 22:00:00,Google,Google_Search,0,0,7065,258,12814
U1076,2026-03-12 09:00:00,Blog,Content_Marketing,0,0,7073,479,15160
U1077,2026-02-08 03:00:00,LinkedIn,LinkedIn_B2B,0,0,5841,100,5632
U1077,2026-03-20 19:00:00,TikTok,TikTok_Viral,1,250,6606,92,4374
U1078,2026-03-30 23:00:00,Google,Google_Search,1,600,1764,58,2929
U1079,2026-03-27 08:00:00,Facebook,FB_Summer,0,0,2158,263,17497
U1079,2026-01-20 21:00:00,Facebook,FB_Summer,0,0,6226,255,6586
U1079,2026-03-21 18:00:00,Unknown,TikTok_Viral,0,0,2585,373,9879
U1079,2026-02-16 15:30:00,TikTok,TikTok_Viral,0,0,2887,121,12524
U1079,2026-01-17 04:00:00,TikTok,TikTok_Viral,0,0,2293,124,1999
U1080,2026-03-13 10:00:00,LinkedIn,LinkedIn_B2B,1,900,2567,334,16174
U1081,2026-02-14 02:00:00,Blog,Content_Marketing,0,0,1366,219,17768
U1082,2026-02-21 00:00:00,Blog,Content_Marketing,0,0,2421,455,6961
U1083,2026-02-15 09:00:00,TikTok,TikTok_Viral,0,0,4269,404,12176
U1083,2026-03-16 00:00:00,Google,Google_Search,0,0,6969,349,17549
U1083,2026-02-25 12:00:00,Unknown,LinkedIn_B2B,0,0,4186,218,12613
U1084,2026-03-07 17:00:00,Facebook,FB_Summer,0,0,6963,500,13481
U1084,2026-02-24 22:00:00,LinkedIn,LinkedIn_B2B,0,0,2946,87,7750
U1084,2026-03-26 01:00:00,TikTok,TikTok_Viral,0,0,7908,352,1754
U1084,2026-01-13 23:00:00,Unknown,Google_Search,0,0,3289,296,10079
U1085,2026-02-16 15:30:00,Blog,Content_Marketing,0,0,7225,419,9400
U1085,2026-03-17 10:00:00,Blog,Content_Marketing,0,0,5665,198,11093
U1085,2026-03-17 22:00:00,Google,Google_Search,0,0,6988,74,12851
U1085,2026-02-09 14:00:00,Facebook,FB_Summer,0,0,1761,426,14396
U1086,2026-03-14 10:00:00,Google,Google_Search,0,0,5042,54,19238
U1086,2026-03-07 16:00:00,LinkedIn,LinkedIn_B2B,0,0,4390,477,11870
U1086,2026-03-30 21:00:00,TikTok,TikTok_Viral,0,0,6435,389,18524
U1086,2026-01-21 16:00:00,Facebook,FB_Summer,1,150,7227,441,4630
U1087,2026-02-01 11:00:00,Facebook,FB_Summer,0,0,3808,268,18536
U1087,2026-03-29 13:00:00,LinkedIn,LinkedIn_B2B,0,0,1151,362,14081
U1087,2026-02-11 17:00:00,LinkedIn,LinkedIn_B2B,0,0,5706,216,19836
U1087,2026-02-12 04:00:00,TikTok,TikTok_Viral,0,0,4912,215,12292
U1087,2026-03-18 20:00:00,LinkedIn,LinkedIn_B2B,1,150,3249,325,15986
U1088,2026-04-01 20:00:00,Google,Google_Search,0,0,2281,269,15541
U1088,2026-01-16 23:00:00,LinkedIn,LinkedIn_B2B,0,0,4476,181,11965
U1088,2026-02-04 19:00:00,Facebook,FB_Summer,0,0,3934,448,15281
U1089,2026-02-21 14:00:00,Blog,Content_Marketing,0,0,1065,464,2632
U1089,2026-01-27 11:00:00,Blog,Content_Marketing,0,0,1903,252,7280
U1089,2026-01-11 23:00:00,Google,Google_Search,0,0,2413,193,5737
U1090,2026-01-28 09:00:00,Blog,Content_Marketing,0,0,4360,333,2599
U1090,2026-03-22 16:00:00,Blog,Content_Marketing,1,250,1678,461,17585
U1091,2026-01-27 06:00:00,Google,Google_Search,1,250,7998,220,8181
U1092,2026-03-09 12:00:00,LinkedIn,LinkedIn_B2B,0,0,3833,217,9559
U1092,2026-02-23 00:00:00,LinkedIn,LinkedIn_B2B,0,0,1335,364,15333
U1092,2026-02-04 23:00:00,TikTok,TikTok_Viral,0,0,5061,119,2575
U1092,2026-01-27 12:00:00,LinkedIn,LinkedIn_B2B,1,150,5697,82,4508
U1093,2026-02-14 13:00:00,Blog,Content_Marketing,0,0,7578,306,12941
U1093,2026-01-22 02:00:00,Google,Google_Search,0,0,6919,485,8127
U1093,2026-02-01 00:00:00,Blog,Content_Marketing,0,0,5497,121,3927
U1093,2026-02-19 05:00:00,Facebook,FB_Summer,0,0,4257,294,17777
U1093,2026-02-06 23:00:00,LinkedIn,LinkedIn_B2B,0,0,7817,61,16744
U1094,2026-03-31 18:00:00,Blog,Content_Marketing,0,0,4958,241,13134
U1094,2026-01-20 18:00:00,Google,Google_Search,0,0,3513,359,6413
U1094,2026-01-27 21:00:00,LinkedIn,LinkedIn_B2B,0,0,2456,316,9012
U1095,2026-03-02 08:00:00,Blog,Content_Marketing,0,0,3615,348,2202
U1095,2026-01-03 11:00:00,TikTok,TikTok_Viral,0,0,7502,412,7889
U1095,2026-01-29 13:00:00,LinkedIn,LinkedIn_B2B,0,0,4363,459,19470
,2026-01-19 23:00:00,Facebook,FB_Summer,0,0,1440,299,14268
U1095,2026-02-08 03:00:00,Facebook,FB_Summer,1,400,2023,76,2564
U1096,2026-03-24 08:00:00,LinkedIn,LinkedIn_B2B,0,0,6034,184,8877
U1097,2026-03-03 04:00:00,Blog,Content_Marketing,1,250,5099,222,14149
U1098,2026-02-13 08:00:00,Facebook,FB_Summer,0,0,1780,251,18497
U1098,2026-03-25 11:00:00,LinkedIn,LinkedIn_B2B,0,0,2947,490,5737
U1098,2026-02-16 15:30:00,Blog,Content_Marketing,0,0,7142,348,12272
U1099,2026-02-16 16:00:00,Unknown,TikTok_Viral,0,0,7450,321,9601
U1099,2026-01-25 13:00:00,Google,Google_Search,0,0,7447,376,10894
,2026-01-01 09:00:00,TikTok,TikTok_Viral,0,0,5857,277,4146
U1099,2026-03-05 21:00:00,LinkedIn,LinkedIn_B2B,1,250,6681,175,10530
U1100,2026-03-15 10:00:00,LinkedIn,LinkedIn_B2B,1,400,3321,240,14186
U1101,2026-01-04 06:00:00,Unknown,TikTok_Viral,0,0,4769,228,2023
U1102,2026-01-05 12:00:00,TikTok,TikTok_Viral,0,0,1273,300,18792
U1103,2026-02-10 10:00:00,Blog,Content_Marketing,0,0,1899,433,12965
U1103,2026-01-31 21:00:00,Blog,Content_Marketing,0,0,4646,255,9191
U1103,2026-01-26 13:00:00,LinkedIn,LinkedIn_B2B,0,0,7517,232,18274
U1103,2026-02-22 01:00:00,Blog,Content_Marketing,0,0,5410,159,9850
U1104,2026-02-14 03:00:00,Facebook,FB_Summer,1,150,2552,74,16338
U1105,2026-03-23 09:00:00,TikTok,TikTok_Viral,0,0,6508,165,11277
U1105,2026-03-14 13:00:00,TikTok,TikTok_Viral,0,0,6689,187,18044
U1105,2026-01-26 22:00:00,Google,Google_Search,0,0,6441,76,15951
U1106,2026-02-16 17:00:00,Unknown,TikTok_Viral,0,0,2426,485,12229
U1106,2026-03-27 13:00:00,Facebook,FB_Summer,1,400,3166,412,3238
U1107,2026-03-16 03:00:00,TikTok,TikTok_Viral,0,0,2606,457,6447
U1107,2026-02-03 20:00:00,Google,Google_Search,1,600,4093,92,4545
U1108,2026-03-14 04:00:00,Blog,Content_Marketing,0,0,4230,438,11435
U1108,2026-02-03 20:00:00,TikTok,TikTok_Viral,0,0,2759,142,13280
U1108,2026-02-05 09:00:00,LinkedIn,LinkedIn_B2B,0,0,7328,402,18443
U1108,2026-01-11 06:00:00,LinkedIn,LinkedIn_B2B,0,0,1149,401,12079
U1108,2026-01-08 06:00:00,Facebook,FB_Summer,1,900,6652,353,8090
U1109,2026-02-08 03:00:00,Blog,Content_Marketing,0,0,1657,183,13517
U1109,2026-01-22 00:00:00,Facebook,FB_Summer,0,0,2624,174,11605
U1109,2026-01-08 03:00:00,LinkedIn,LinkedIn_B2B,0,0,4188,55,7409
U1109,2026-03-07 15:00:00,Google,Google_Search,1,600,4955,73,19776
U1110,2026-02-25 03:00:00,TikTok,TikTok_Viral,1,600,2182,429,13228
U1111,2026-03-25 15:00:00,TikTok,TikTok_Viral,1,900,1768,305,5826
U1112,2026-03-09 16:00:00,Blog,Content_Marketing,1,250,5104,249,19818
U1113,2026-03-27 05:00:00,Facebook,FB_Summer,0,0,4281,181,15070
U1113,2026-02-08 03:00:00,Unknown,TikTok_Viral,0,0,6881,400,8559
U1114,2026-02-02 18:00:00,TikTok,TikTok_Viral,0,0,4985,380,1506
U1114,2026-02-08 04:00:00,Facebook,FB_Summer,0,0,5883,280,2739
U1114,2026-03-12 02:00:00,Google,Google_Search,0,0,2538,253,18852
U1114,2026-02-16 15:30:00,Facebook,FB_Summer,0,0,1965,220,9080
U1114,2026-03-18 07:00:00,Google,Google_Search,0,0,3792,137,14157
U1115,2026-01-15 13:00:00,Unknown,FB_Summer,0,0,6798,311,15925
U1116,2026-01-02 04:00:00,Blog,Content_Marketing,0,0,7329,238,18866
U1116,2026-03-06 09:00:00,Facebook,FB_Summer,0,0,1034,259,12864
U1116,2026-01-31 10:00:00,TikTok,TikTok_Viral,1,250,3078,243,19805
U1117,2026-01-04 05:00:00,Google,Google_Search,0,0,7268,95,5932
U1117,2026-02-01 06:00:00,Blog,Content_Marketing,1,400,6200,348,16800
U1118,2026-02-13 19:00:00,Facebook,FB_Summer,0,0,4980,408,1879
U1118,2026-01-05 11:00:00,Facebook,FB_Summer,0,0,5695,205,3415
U1118,2026-02-02 22:00:00,Facebook,FB_Summer,0,0,3075,326,8597
U1118,2026-03-17 10:00:00,Blog,Content_Marketing,0,0,1944,437,19263
U1118,2026-02-21 14:00:00,TikTok,TikTok_Viral,0,0,1076,248,10168
U1119,2026-03-25 22:00:00,LinkedIn,LinkedIn_B2B,0,0,6202,392,8640
U1119,2026-03-23 15:00:00,Google,Google_Search,1,250,3164,347,14769
U1120,2026-02-16 15:30:00,TikTok,TikTok_Viral,0,0,5369,489,2415
U1120,2026-02-08 22:00:00,Blog,Content_Marketing,0,0,7911,109,18740
,2026-02-14 12:00:00,Google,Google_Search,0,0,4962,76,15909
U1120,2026-03-16 11:00:00,Blog,Content_Marketing,1,400,4910,261,4845
U1121,2026-03-03 18:00:00,Google,Google_Search,0,0,3375,394,12504
U1122,2026-01-20 16:00:00,TikTok,TikTok_Viral,0,0,6596,345,7884
U1122,2026-03-06 10:00:00,Unknown,LinkedIn_B2B,0,0,2664,346,1341
U1122,2026-03-06 08:00:00,Blog,Content_Marketing,0,0,7075,263,1373
U1122,2026-02-18 23:00:00,TikTok,TikTok_Viral,1,400,6324,417,14360
U1123,2026-01-17 13:00:00,Blog,Content_Marketing,1,150,4627,275,15949
U1124,2026-01-06 20:00:00,TikTok,TikTok_Viral,0,0,2182,242,8301
U1124,2026-03-01 18:00:00,TikTok,TikTok_Viral,0,0,4637,85,3798
U1124,2026-02-26 07:00:00,Google,Google_Search,0,0,4436,138,7141
U1124,2026-02-22 17:00:00,Google,Google_Search,1,400,2652,133,8596
U1125,2026-01-19 06:00:00,Google,Google_Search,0,0,4105,61,14144
U1125,2026-02-18 18:00:00,Google,Google_Search,1,150,1018,254,12265
U1126,2026-02-26 17:00:00,LinkedIn,LinkedIn_B2B,0,0,3502,96,5474
U1126,2026-02-13 07:00:00,Unknown,Content_Marketing,1,150,4133,491,9680
U1127,2026-03-10 15:00:00,LinkedIn,LinkedIn_B2B,0,0,5740,373,18048
U1127,2026-02-02 05:00:00,Google,Google_Search,0,0,5336,460,1211
U1127,2026-02-01 14:00:00,LinkedIn,LinkedIn_B2B,1,400,3991,220,1978
U1128,2026-03-09 20:00:00,Unknown,Content_Marketing,0,0,2478,71,8493
U1128,2026-01-17 05:00:00,Blog,Content_Marketing,0,0,1280,97,11683
U1128,2026-02-21 13:00:00,Blog,Content_Marketing,0,0,6421,117,18692
U1128,2026-03-14 16:00:00,TikTok,TikTok_Viral,1,600,5071,153,3499
U1129,2026-03-14 11:00:00,LinkedIn,LinkedIn_B2B,0,0,4882,391,19921
U1129,2026-02-16 15:30:00,TikTok,TikTok_Viral,0,0,2497,327,19242
,2026-01-01 15:00:00,Blog,Content_Marketing,0,0,2464,319,16979
U1130,2026-01-20 00:00:00,Google,Google_Search,0,0,7161,51,3695
U1130,2026-02-16 09:00:00,TikTok,TikTok_Viral,0,0,5340,305,5505
U1130,2026-01-08 08:00:00,Google,Google_Search,1,400,6326,428,1586
U1131,2026-02-21 21:00:00,Facebook,FB_Summer,1,400,7760,76,8530
U1132,2026-03-10 10:00:00,TikTok,TikTok_Viral,0,0,2545,153,1438
U1132,2026-02-17 16:00:00,Blog,Content_Marketing,0,0,5549,160,14038
,2026-04-01 20:00:00,Blog,Content_Marketing,0,0,3126,221,15595
U1132,2026-01-20 07:00:00,Blog,Content_Marketing,0,0,6436,322,12214
,2026-03-23 14:00:00,Blog,Content_Marketing,0,0,5632,271,17264
U1133,2026-03-03 21:00:00,Blog,Content_Marketing,0,0,5681,116,2514
U1133,2026-03-13 04:00:00,Google,Google_Search,0,0,2858,410,5895
U1133,2026-02-27 00:00:00,Blog,Content_Marketing,0,0,7176,294,12156
U1133,2026-01-21 18:00:00,Blog,Content_Marketing,0,0,6174,240,11574
U1134,2026-01-28 19:00:00,TikTok,TikTok_Viral,0,0,1158,453,16291
U1135,2026-03-31 03:00:00,LinkedIn,LinkedIn_B2B,0,0,3449,337,16327
U1135,2026-03-16 13:00:00,Facebook,FB_Summer,0,0,5236,329,8790
U1135,2026-01-23 09:00:00,Google,Google_Search,1,900,4848,422,15730
U1136,2026-03-03 05:00:00,TikTok,TikTok_Viral,0,0,3504,151,12226
U1136,2026-03-21 14:00:00,LinkedIn,LinkedIn_B2B,1,600,4083,235,16615
U1137,2026-02-09 07:00:00,TikTok,TikTok_Viral,1,400,7839,130,19722
,2026-03-10 20:00:00,LinkedIn,LinkedIn_B2B,1,150,5761,492,14721
,2026-03-14 09:00:00,Google,Google_Search,0,0,4956,166,16659
U1140,2026-01-22 12:00:00,LinkedIn,LinkedIn_B2B,0,0,2133,114,12992
U1140,2026-03-18 04:00:00,LinkedIn,LinkedIn_B2B,0,0,2891,77,3769
U1140,2026-03-22 01:00:00,LinkedIn,LinkedIn_B2B,0,0,2980,105,4724
U1140,2026-01-24 05:00:00,TikTok,TikTok_Viral,0,0,3689,265,19729
U1141,2026-03-08 08:00:00,Google,Google_Search,0,0,3703,362,18284
U1142,2026-01-21 05:00:00,LinkedIn,LinkedIn_B2B,0,0,7239,381,11585
U1142,2026-02-23 21:00:00,Blog,Content_Marketing,0,0,7531,92,12564
U1142,2026-03-18 00:00:00,Facebook,FB_Summer,1,900,2339,429,10869
U1143,2026-02-11 00:00:00,TikTok,TikTok_Viral,0,0,1130,344,2243
U1143,2026-02-25 09:00:00,Google,Google_Search,0,0,6283,209,10866
U1143,2026-02-27 16:00:00,Facebook,FB_Summer,0,0,3605,183,2720
U1143,2026-01-23 20:00:00,LinkedIn,LinkedIn_B2B,1,150,2176,420,3004
U1144,2026-02-04 18:00:00,LinkedIn,LinkedIn_B2B,0,0,6602,344,14115
U1144,2026-01-03 08:00:00,Blog,Content_Marketing,0,0,5832,492,7003
U1144,2026-01-23 16:00:00,LinkedIn,LinkedIn_B2B,0,0,2623,177,17742
,2026-01-29 07:00:00,Google,Google_Search,1,900,3036,372,7822
U1145,2026-02-24 09:00:00,Facebook,FB_Summer,0,0,4896,179,1709
U1146,2026-02-28 05:00:00,Unknown,FB_Summer,0,0,1594,254,2579
U1146,2026-02-01 04:00:00,Facebook,FB_Summer,0,0,1735,237,12681
U1146,2026-03-10 15:00:00,LinkedIn,LinkedIn_B2B,0,0,6194,407,2714
U1146,2026-01-20 04:00:00,LinkedIn,LinkedIn_B2B,0,0,3792,251,11012
U1146,2026-01-11 18:00:00,Google,Google_Search,1,400,1717,117,11510
U1147,2026-03-08 02:00:00,TikTok,TikTok_Viral,0,0,7002,226,1698
U1147,2026-01-29 23:00:00,LinkedIn,LinkedIn_B2B,0,0,7243,85,16415
U1148,2026-02-10 11:00:00,TikTok,TikTok_Viral,1,400,4540,458,8556
,2026-02-22 07:00:00,LinkedIn,LinkedIn_B2B,0,0,4362,118,3439
U1149,2026-03-26 11:00:00,Blog,Content_Marketing,0,0,2076,54,1025
U1150,2026-02-10 01:00:00,Google,Google_Search,0,0,6402,247,17415
U1150,2026-03-27 20:00:00,LinkedIn,LinkedIn_B2B,0,0,3507,147,8070
U1150,2026-01-04 16:00:00,Unknown,TikTok_Viral,0,0,1361,90,10323
U1150,2026-01-13 01:00:00,TikTok,TikTok_Viral,1,600,5206,318,17411
U1151,2026-03-18 06:00:00,Blog,Content_Marketing,0,0,6377,108,13644
U1151,2026-03-13 16:00:00,Facebook,FB_Summer,0,0,5388,425,12544
U1151,2026-03-09 21:00:00,Google,Google_Search,0,0,3871,371,2152
U1151,2026-02-18 10:00:00,Blog,Content_Marketing,0,0,2313,244,16683
,2026-03-09 01:00:00,Facebook,FB_Summer,0,0,2282,471,1058
U1152,2026-02-27 04:00:00,LinkedIn,LinkedIn_B2B,0,0,3316,59,16273
U1152,2026-01-29 23:00:00,Blog,Content_Marketing,0,0,2818,75,14118
U1152,2026-02-26 16:00:00,Blog,Content_Marketing,0,0,4041,102,9365
U1152,2026-02-06 19:00:00,LinkedIn,LinkedIn_B2B,0,0,3131,248,16755
U1152,2026-03-14 01:00:00,LinkedIn,LinkedIn_B2B,0,0,4423,280,13208
U1153,2026-01-13 02:00:00,Unknown,TikTok_Viral,1,400,6479,361,12974
U1154,2026-02-01 02:00:00,LinkedIn,LinkedIn_B2B,0,0,2716,351,5802
U1154,2026-01-05 04:00:00,Google,Google_Search,0,0,3713,438,8009
U1154,2026-03-02 22:00:00,Unknown,FB_Summer,0,0,2638,100,13403
U1154,2026-03-30 17:00:00,TikTok,TikTok_Viral,1,150,4405,105,13162
U1155,2026-01-02 03:00:00,Facebook,FB_Summer,0,0,4071,468,10505
U1155,2026-02-11 00:00:00,LinkedIn,LinkedIn_B2B,0,0,1256,309,2195
U1155,2026-03-17 17:00:00,Blog,Content_Marketing,1,900,6169,284,8762
U1156,2026-02-09 12:00:00,Facebook,FB_Summer,0,0,7500,445,10243
U1156,2026-03-09 07:00:00,Unknown,FB_Summer,0,0,1651,199,8320
U1156,2026-01-21 19:00:00,LinkedIn,LinkedIn_B2B,0,0,5028,404,10108
U1156,2026-02-26 18:00:00,Google,Google_Search,0,0,3223,261,13697
U1156,2026-03-07 19:00:00,Facebook,FB_Summer,1,900,5961,458,13372
U1157,2026-01-20 14:00:00,LinkedIn,LinkedIn_B2B,0,0,2359,115,9185
U1157,2026-01-17 07:00:00,Google,Google_Search,0,0,7091,289,15798
U1158,2026-01-11 21:00:00,Unknown,LinkedIn_B2B,0,0,3149,102,17927
U1159,2026-01-09 13:00:00,LinkedIn,LinkedIn_B2B,0,0,1940,485,6888
U1159,2026-03-16 04:00:00,Facebook,FB_Summer,0,0,4980,375,2102
U1160,2026-02-23 02:00:00,Facebook,FB_Summer,0,0,7792,332,10235
,2026-02-08 04:00:00,LinkedIn,LinkedIn_B2B,0,0,6685,334,5888
U1160,2026-03-10 17:00:00,LinkedIn,LinkedIn_B2B,0,0,4780,170,16139
U1160,2026-02-08 11:00:00,Google,Google_Search,0,0,1900,322,2034
U1160,2026-02-18 21:00:00,Facebook,FB_Summer,1,600,3159,453,4982
U1161,2026-02-22 00:00:00,Blog,Content_Marketing,0,0,7410,453,4031
U1161,2026-03-14 23:00:00,Blog,Content_Marketing,0,0,7550,365,5102
U1161,2026-02-18 21:00:00,LinkedIn,LinkedIn_B2B,0,0,4982,259,19356
U1161,2026-03-27 06:00:00,Blog,Content_Marketing,0,0,1643,193,4055
U1161,2026-01-09 16:00:00,Facebook,FB_Summer,1,150,5606,374,4393
U1162,2026-01-11 22:00:00,LinkedIn,LinkedIn_B2B,0,0,4644,497,1072
U1162,2026-02-09 14:00:00,Unknown,LinkedIn_B2B,0,0,7101,190,2565
U1162,2026-02-28 03:00:00,TikTok,TikTok_Viral,0,0,2742,85,1713
U1163,2026-02-15 12:00:00,LinkedIn,LinkedIn_B2B,0,0,2249,284,11751
U1163,2026-03-18 08:00:00,TikTok,TikTok_Viral,0,0,2822,159,15736
U1164,2026-03-22 18:00:00,Blog,Content_Marketing,0,0,5950,167,9091
U1164,2026-01-14 22:00:00,Blog,Content_Marketing,0,0,3366,95,7089
,2026-02-08 02:00:00,TikTok,TikTok_Viral,1,250,4494,438,15775
U1165,2026-03-31 20:00:00,Google,Google_Search,0,0,4248,173,3870
U1165,2026-01-11 00:00:00,Google,Google_Search,0,0,3419,258,4100
U1165,2026-02-11 07:00:00,Facebook,FB_Summer,1,150,1503,193,15444
U1166,2026-03-18 09:00:00,TikTok,TikTok_Viral,0,0,5783,467,18000
U1166,2026-02-04 16:00:00,Unknown,Content_Marketing,0,0,6321,176,14280
U1166,2026-01-04 01:00:00,Google,Google_Search,1,600,7172,86,15565
U1167,2026-02-10 18:00:00,TikTok,TikTok_Viral,0,0,7683,68,15553
U1167,2026-01-14 03:00:00,Blog,Content_Marketing,0,0,6762,438,14864
U1167,2026-01-05 08:00:00,Google,Google_Search,0,0,3347,200,3822
U1167,2026-02-12 18:00:00,LinkedIn,LinkedIn_B2B,1,150,6452,388,18006
U1168,2026-02-17 05:00:00,LinkedIn,LinkedIn_B2B,0,0,6568,63,7917
U1168,2026-02-16 07:00:00,Facebook,FB_Summer,0,0,3548,366,6901
U1168,2026-03-22 12:00:00,TikTok,TikTok_Viral,1,600,1914,428,16650
U1169,2026-02-28 06:00:00,Google,Google_Search,0,0,6689,129,9947
U1169,2026-03-05 22:00:00,Blog,Content_Marketing,0,0,7113,465,19355
U1169,2026-03-09 12:00:00,LinkedIn,LinkedIn_B2B,0,0,6093,128,16701
U1169,2026-03-12 14:00:00,TikTok,TikTok_Viral,1,150,2977,190,19890
U1170,2026-03-19 12:00:00,Unknown,TikTok_Viral,0,0,3980,336,4318
U1170,2026-01-30 10:00:00,TikTok,TikTok_Viral,0,0,1994,248,5464
U1171,2026-03-31 18:00:00,TikTok,TikTok_Viral,0,0,7144,184,13882
U1171,2026-02-21 06:00:00,LinkedIn,LinkedIn_B2B,0,0,1127,102,10698
,2026-02-16 15:00:00,LinkedIn,LinkedIn_B2B,0,0,2944,178,5335
U1172,2026-02-20 12:00:00,Blog,Content_Marketing,0,0,3639,114,2794
U1172,2026-01-04 19:00:00,LinkedIn,LinkedIn_B2B,0,0,1392,391,3628
U1172,2026-03-27 23:00:00,Google,Google_Search,0,0,4401,86,16062
U1172,2026-03-13 08:00:00,Facebook,FB_Summer,0,0,6134,313,3683
U1173,2026-01-01 01:00:00,Facebook,FB_Summer,0,0,7256,148,18395
U1173,2026-03-27 12:00:00,LinkedIn,LinkedIn_B2B,0,0,6624,412,19372
U1174,2026-01-26 21:00:00,Facebook,FB_Summer,0,0,3149,320,5091
U1174,2026-03-28 14:00:00,TikTok,TikTok_Viral,0,0,3972,212,14729
U1174,2026-03-19 04:00:00,Google,Google_Search,0,0,5480,119,5577
U1174,2026-02-22 06:00:00,Google,Google_Search,1,900,7733,197,4983
U1175,2026-03-23 20:00:00,Google,Google_Search,0,0,2274,147,14548
U1175,2026-01-15 22:00:00,LinkedIn,LinkedIn_B2B,0,0,2550,212,3166
U1175,2026-03-01 13:00:00,TikTok,TikTok_Viral,0,0,7402,345,3219
U1175,2026-01-30 21:00:00,Blog,Content_Marketing,1,600,5371,126,14183
U1176,2026-02-18 19:00:00,Facebook,FB_Summer,0,0,6116,340,11514
U1176,2026-01-24 10:00:00,Facebook,FB_Summer,0,0,3114,204,18047
U1176,2026-02-01 23:00:00,LinkedIn,LinkedIn_B2B,0,0,4563,309,4701
U1176,2026-01-10 09:00:00,Unknown,Google_Search,0,0,3109,62,18030
U1177,2026-03-05 15:00:00,Blog,Content_Marketing,1,400,5864,395,2828
U1178,2026-03-09 15:00:00,TikTok,TikTok_Viral,0,0,5727,100,5978
U1178,2026-02-04 12:00:00,Google,Google_Search,0,0,2462,420,14003
U1178,2026-01-03 06:00:00,TikTok,TikTok_Viral,0,0,5384,457,1219
U1178,2026-03-21 10:00:00,Facebook,FB_Summer,0,0,5011,289,8450
U1179,2026-02-15 15:00:00,Blog,Content_Marketing,0,0,5622,379,5785
U1179,2026-02-27 08:00:00,LinkedIn,LinkedIn_B2B,0,0,2774,250,15943
U1179,2026-01-28 22:00:00,Google,Google_Search,0,0,6348,287,15125
U1179,2026-01-14 05:00:00,Google,Google_Search,1,150,2313,155,7815
U1180,2026-01-06 11:00:00,Blog,Content_Marketing,0,0,5162,408,5789
U1181,2026-03-23 17:00:00,LinkedIn,LinkedIn_B2B,0,0,7869,492,6612
U1181,2026-01-06 15:00:00,Google,Google_Search,0,0,2407,375,15463
U1181,2026-02-24 11:00:00,Facebook,FB_Summer,0,0,2506,51,16464
U1181,2026-01-01 02:00:00,Facebook,FB_Summer,0,0,2128,328,16399
U1181,2026-03-28 02:00:00,LinkedIn,LinkedIn_B2B,0,0,6719,270,7859
U1182,2026-01-21 19:00:00,Google,Google_Search,0,0,6606,413,1638
U1182,2026-02-16 02:00:00,Google,Google_Search,0,0,5405,443,9386
U1182,2026-01-17 13:00:00,Unknown,FB_Summer,0,0,2718,264,1351
U1182,2026-01-18 04:00:00,TikTok,TikTok_Viral,1,400,5333,168,1092
U1183,2026-03-23 08:00:00,Facebook,FB_Summer,0,0,5704,108,15245
U1183,2026-01-19 17:00:00,Blog,Content_Marketing,1,250,6811,252,8245
U1184,2026-03-20 12:00:00,TikTok,TikTok_Viral,1,600,1075,177,7761
U1185,2026-02-16 15:30:00,LinkedIn,LinkedIn_B2B,1,250,4202,185,16214
U1186,2026-02-06 09:00:00,Unknown,Content_Marketing,0,0,3696,423,4112
U1187,2026-01-19 18:00:00,LinkedIn,LinkedIn_B2B,0,0,1029,350,5246
U1187,2026-01-13 03:00:00,Unknown,LinkedIn_B2B,0,0,5995,462,14367
U1187,2026-03-15 22:00:00,Blog,Content_Marketing,0,0,2000,218,6322
U1187,2026-02-17 05:00:00,LinkedIn,LinkedIn_B2B,1,600,7497,332,2572
U1188,2026-03-24 14:00:00,TikTok,TikTok_Viral,0,0,7063,79,11029
U1188,2026-02-21 05:00:00,TikTok,TikTok_Viral,0,0,5880,236,2531
U1188,2026-01-12 03:00:00,Google,Google_Search,1,150,3616,309,15267
U1189,2026-04-01 17:00:00,Unknown,TikTok_Viral,0,0,1675,277,10055
U1189,2026-02-16 15:30:00,Blog,Content_Marketing,1,900,3938,460,18486
U1190,2026-03-02 03:00:00,Blog,Content_Marketing,0,0,7959,481,11141
U1190,2026-01-23 19:00:00,Facebook,FB_Summer,0,0,3690,404,10667
U1190,2026-03-18 05:00:00,LinkedIn,LinkedIn_B2B,0,0,4332,276,11524
U1190,2026-03-05 19:00:00,TikTok,TikTok_Viral,0,0,2543,452,15719
,2026-03-12 07:00:00,Blog,Content_Marketing,0,0,4372,123,15488
,2026-01-12 12:00:00,Google,Google_Search,0,0,3921,321,19692
U1191,2026-01-05 03:00:00,TikTok,TikTok_Viral,0,0,2487,109,7720
U1191,2026-02-18 22:00:00,Facebook,FB_Summer,1,400,5210,150,9922
U1192,2026-01-17 21:00:00,Google,Google_Search,0,0,6057,419,8447
U1192,2026-03-29 15:00:00,Google,Google_Search,0,0,7125,176,19751
U1192,2026-03-23 15:00:00,Blog,Content_Marketing,0,0,4821,103,11759
U1192,2026-01-07 07:00:00,TikTok,TikTok_Viral,1,600,5252,396,12559
U1193,2026-03-20 16:00:00,Blog,Content_Marketing,0,0,7283,182,8695
U1193,2026-03-01 12:00:00,Blog,Content_Marketing,1,400,5656,54,1133
U1194,2026-03-17 09:00:00,TikTok,TikTok_Viral,0,0,6963,384,10738
U1194,2026-02-10 14:00:00,LinkedIn,LinkedIn_B2B,0,0,7553,208,10080
U1194,2026-01-06 14:00:00,Google,Google_Search,0,0,4490,119,13635
U1194,2026-02-06 20:00:00,LinkedIn,LinkedIn_B2B,1,150,5653,105,13812
U1195,2026-02-13 18:00:00,Facebook,FB_Summer,1,250,5224,218,19602
U1196,2026-04-01 18:00:00,Blog,Content_Marketing,1,900,4690,309,8306
U1197,2026-03-27 17:00:00,TikTok,TikTok_Viral,0,0,7748,161,11046
U1197,2026-03-04 22:00:00,Google,Google_Search,0,0,1801,462,16268
U1197,2026-02-19 03:00:00,TikTok,TikTok_Viral,0,0,3591,386,1836
U1197,2026-03-04 16:00:00,Google,Google_Search,1,400,2562,151,17418
U1198,2026-01-31 06:00:00,Google,Google_Search,0,0,5541,220,2416
U1198,2026-01-29 02:00:00,Facebook,FB_Summer,0,0,6598,460,13864
U1198,2026-01-26 05:00:00,LinkedIn,LinkedIn_B2B,1,250,3711,464,4895
U1199,2026-02-03 19:00:00,Facebook,FB_Summer,0,0,3012,187,16796
U1199,2026-01-10 09:00:00,TikTok,TikTok_Viral,0,0,5793,174,12696
U1199,2026-02-17 11:00:00,Unknown,LinkedIn_B2B,1,900,2218,68,2341
U1200,2026-02-02 02:00:00,TikTok,TikTok_Viral,0,0,7495,234,19468
U1200,2026-03-02 12:00:00,LinkedIn,LinkedIn_B2B,0,0,3042,389,4055
U1200,2026-03-03 21:00:00,Facebook,FB_Summer,0,0,3661,65,15339
U1200,2026-01-14 04:00:00,TikTok,TikTok_Viral,0,0,6317,171,1865
